file_name,duration_of_speech,count_of_speech,speech_timestamps,mean_speach_duration,duration_of_silence,count_of_silence,silence_timestamps,mean_silence_duration
N-0941-RAT-1-bike.wav,32.9,4,"[{'start': 3.5, 'end': 17.6}, {'start': 19.5, 'end': 28.5}, {'start': 29.5, 'end': 33.8}, {'start': 34.8, 'end': 40.3}]",8.225,7.399999999999999,5,"[{'start': 0, 'end': 3.5}, {'start': 17.6, 'end': 1.8999999999999986}, {'start': 28.5, 'end': 1.0}, {'start': 33.8, 'end': 1.0}, {'start': 40.3, 'end': 0.0}]",1.4799999999999998
N-0995-RAT-1-bike.wav,33.599999999999994,8,"[{'start': 2.3, 'end': 5.8}, {'start': 6.9, 'end': 12.2}, {'start': 13.6, 'end': 14.5}, {'start': 17.3, 'end': 23.4}, {'start': 24.5, 'end': 26.8}, {'start': 29.4, 'end': 30.2}, {'start': 31.3, 'end': 40.4}, {'start': 41.7, 'end': 47.3}]",4.199999999999999,14.860000000000007,9,"[{'start': 0, 'end': 2.3}, {'start': 5.8, 'end': 1.1000000000000005}, {'start': 12.2, 'end': 1.4000000000000004}, {'start': 14.5, 'end': 2.8000000000000007}, {'start': 23.4, 'end': 1.1000000000000014}, {'start': 26.8, 'end': 2.599999999999998}, {'start': 30.2, 'end': 1.1000000000000014}, {'start': 40.4, 'end': 1.3000000000000043}, {'start': 47.3, 'end': 1.1600000000000037}]",1.6511111111111119
N-1011-RAT-1-robb.wav,19.499999999999993,10,"[{'start': 5.3, 'end': 9.1}, {'start': 10.5, 'end': 12.1}, {'start': 13.6, 'end': 14.2}, {'start': 16.5, 'end': 17.9}, {'start': 18.9, 'end': 21.0}, {'start': 22.1, 'end': 24.3}, {'start': 26.1, 'end': 26.9}, {'start': 28.6, 'end': 31.7}, {'start': 32.9, 'end': 35.8}, {'start': 38.3, 'end': 39.3}]",1.9499999999999993,19.800000000000004,11,"[{'start': 0, 'end': 5.3}, {'start': 9.1, 'end': 1.4000000000000004}, {'start': 12.1, 'end': 1.5}, {'start': 14.2, 'end': 2.3000000000000007}, {'start': 17.9, 'end': 1.0}, {'start': 21.0, 'end': 1.1000000000000014}, {'start': 24.3, 'end': 1.8000000000000007}, {'start': 26.9, 'end': 1.7000000000000028}, {'start': 31.7, 'end': 1.1999999999999993}, {'start': 35.8, 'end': 2.5}, {'start': 39.3, 'end': 0.0}]",1.8000000000000005
N-0982-RAT-1-robb.wav,32.480000000000004,3,"[{'start': 2.8, 'end': 4.1}, {'start': 5.6, 'end': 23.2}, {'start': 25.0, 'end': 38.58}]",10.826666666666668,6.099999999999994,4,"[{'start': 0, 'end': 2.8}, {'start': 4.1, 'end': 1.5}, {'start': 23.2, 'end': 1.8000000000000007}, {'start': 38.58, 'end': 0.0}]",1.5249999999999986
N-1006-RAT-1-bike.wav,50.9,3,"[{'start': 1.4, 'end': 26.4}, {'start': 27.5, 'end': 52.2}, {'start': 53.2, 'end': 54.4}]",16.966666666666665,5.700000000000003,4,"[{'start': 0, 'end': 1.4}, {'start': 26.4, 'end': 1.1000000000000014}, {'start': 52.2, 'end': 1.0}, {'start': 54.4, 'end': 2.200000000000003}]",1.4250000000000007
N-0993-RAT-1-robb.wav,38.0,4,"[{'start': 2.5, 'end': 20.5}, {'start': 22.0, 'end': 36.4}, {'start': 39.9, 'end': 44.7}, {'start': 46.1, 'end': 46.9}]",9.5,10.700000000000003,5,"[{'start': 0, 'end': 2.5}, {'start': 20.5, 'end': 1.5}, {'start': 36.4, 'end': 3.5}, {'start': 44.7, 'end': 1.3999999999999986}, {'start': 46.9, 'end': 1.8000000000000043}]",2.1400000000000006
N-0933-RAT-1-bike.wav,31.500000000000004,7,"[{'start': 4.6, 'end': 7.2}, {'start': 9.1, 'end': 13.8}, {'start': 16.5, 'end': 18.6}, {'start': 21.6, 'end': 23.6}, {'start': 26.6, 'end': 34.6}, {'start': 35.8, 'end': 41.1}, {'start': 48.1, 'end': 54.9}]",4.500000000000001,26.52,8,"[{'start': 0, 'end': 4.6}, {'start': 7.2, 'end': 1.8999999999999995}, {'start': 13.8, 'end': 2.6999999999999993}, {'start': 18.6, 'end': 3.0}, {'start': 23.6, 'end': 3.0}, {'start': 34.6, 'end': 1.1999999999999957}, {'start': 41.1, 'end': 7.0}, {'start': 54.9, 'end': 3.1200000000000045}]",3.315
N-1013-RAT-1-bike.wav,28.2,1,"[{'start': 3.6, 'end': 31.8}]",28.2,4.900000000000002,2,"[{'start': 0, 'end': 3.6}, {'start': 31.8, 'end': 1.3000000000000007}]",2.450000000000001
N-0969-RAT-1-robb.wav,15.56,7,"[{'start': 4.5, 'end': 8.6}, {'start': 11.0, 'end': 15.5}, {'start': 16.8, 'end': 19.3}, {'start': 22.4, 'end': 23.5}, {'start': 26.1, 'end': 27.1}, {'start': 28.8, 'end': 30.0}, {'start': 31.8, 'end': 32.96}]",2.222857142857143,17.4,8,"[{'start': 0, 'end': 4.5}, {'start': 8.6, 'end': 2.4000000000000004}, {'start': 15.5, 'end': 1.3000000000000007}, {'start': 19.3, 'end': 3.099999999999998}, {'start': 23.5, 'end': 2.6000000000000014}, {'start': 27.1, 'end': 1.6999999999999993}, {'start': 30.0, 'end': 1.8000000000000007}, {'start': 32.96, 'end': 0.0}]",2.175
N-0988-RAT-1-robb.wav,113.98000000000002,12,"[{'start': 7.4, 'end': 8.7}, {'start': 9.7, 'end': 18.5}, {'start': 21.9, 'end': 23.7}, {'start': 24.8, 'end': 29.6}, {'start': 31.0, 'end': 37.9}, {'start': 39.3, 'end': 53.2}, {'start': 55.6, 'end': 64.8}, {'start': 67.1, 'end': 88.0}, {'start': 89.2, 'end': 97.2}, {'start': 101.3, 'end': 104.3}, {'start': 105.6, 'end': 109.3}, {'start': 112.5, 'end': 144.18}]",9.498333333333335,30.19999999999999,13,"[{'start': 0, 'end': 7.4}, {'start': 8.7, 'end': 1.0}, {'start': 18.5, 'end': 3.3999999999999986}, {'start': 23.7, 'end': 1.1000000000000014}, {'start': 29.6, 'end': 1.3999999999999986}, {'start': 37.9, 'end': 1.3999999999999986}, {'start': 53.2, 'end': 2.3999999999999986}, {'start': 64.8, 'end': 2.299999999999997}, {'start': 88.0, 'end': 1.2000000000000028}, {'start': 97.2, 'end': 4.099999999999994}, {'start': 104.3, 'end': 1.2999999999999972}, {'start': 109.3, 'end': 3.200000000000003}, {'start': 144.18, 'end': 0.0}]",2.3230769230769224
N-0970-RAT-1-bike.wav,105.80000000000001,7,"[{'start': 2.2, 'end': 35.5}, {'start': 36.6, 'end': 41.7}, {'start': 44.7, 'end': 52.7}, {'start': 54.1, 'end': 58.2}, {'start': 60.4, 'end': 76.9}, {'start': 79.1, 'end': 88.5}, {'start': 90.0, 'end': 119.4}]",15.114285714285716,13.639999999999986,8,"[{'start': 0, 'end': 2.2}, {'start': 35.5, 'end': 1.1000000000000014}, {'start': 41.7, 'end': 3.0}, {'start': 52.7, 'end': 1.3999999999999986}, {'start': 58.2, 'end': 2.1999999999999957}, {'start': 76.9, 'end': 2.1999999999999886}, {'start': 88.5, 'end': 1.5}, {'start': 119.4, 'end': 0.03999999999999204}]",1.7049999999999983
N-0993-RAT-1-bike.wav,30.200000000000003,4,"[{'start': 4.0, 'end': 8.3}, {'start': 9.3, 'end': 19.2}, {'start': 20.8, 'end': 29.1}, {'start': 30.9, 'end': 38.6}]",7.550000000000001,12.719999999999999,5,"[{'start': 0, 'end': 4.0}, {'start': 8.3, 'end': 1.0}, {'start': 19.2, 'end': 1.6000000000000014}, {'start': 29.1, 'end': 1.7999999999999972}, {'start': 38.6, 'end': 4.32}]",2.5439999999999996
N-0986-RAT-1-robb.wav,15.879999999999999,3,"[{'start': 1.7, 'end': 4.1}, {'start': 5.6, 'end': 18.0}, {'start': 19.3, 'end': 20.38}]",5.293333333333333,4.5,4,"[{'start': 0, 'end': 1.7}, {'start': 4.1, 'end': 1.5}, {'start': 18.0, 'end': 1.3000000000000007}, {'start': 20.38, 'end': 0.0}]",1.125
N-1018-RAT-1-robb.wav,11.299999999999995,4,"[{'start': 2.8, 'end': 10.1}, {'start': 11.5, 'end': 12.9}, {'start': 14.4, 'end': 16.4}, {'start': 19.8, 'end': 20.4}]",2.824999999999999,10.340000000000005,5,"[{'start': 0, 'end': 2.8}, {'start': 10.1, 'end': 1.4000000000000004}, {'start': 12.9, 'end': 1.5}, {'start': 16.4, 'end': 3.400000000000002}, {'start': 20.4, 'end': 1.240000000000002}]",2.068000000000001
N-1017-RAT-1-bike.wav,36.49999999999999,3,"[{'start': 0.3, 'end': 18.8}, {'start': 19.8, 'end': 36.4}, {'start': 38.6, 'end': 40.0}]",12.166666666666664,3.500000000000007,4,"[{'start': 0, 'end': 0.3}, {'start': 18.8, 'end': 1.0}, {'start': 36.4, 'end': 2.200000000000003}, {'start': 40.0, 'end': 0.0}]",0.8750000000000018
N-0965-RAT-1-robb.wav,15.2,1,"[{'start': 1.5, 'end': 16.7}]",15.2,1.5399999999999991,2,"[{'start': 0, 'end': 1.5}, {'start': 16.7, 'end': 0.03999999999999915}]",0.7699999999999996
N-0997-RAT-1-bike.wav,24.759999999999998,5,"[{'start': 2.9, 'end': 10.2}, {'start': 12.4, 'end': 15.9}, {'start': 18.1, 'end': 25.1}, {'start': 30.1, 'end': 33.2}, {'start': 36.1, 'end': 39.96}]",4.952,15.200000000000003,6,"[{'start': 0, 'end': 2.9}, {'start': 10.2, 'end': 2.200000000000001}, {'start': 15.9, 'end': 2.200000000000001}, {'start': 25.1, 'end': 5.0}, {'start': 33.2, 'end': 2.8999999999999986}, {'start': 39.96, 'end': 0.0}]",2.5333333333333337
N-0925-RAT-1-bike.wav,34.1,7,"[{'start': 8.1, 'end': 10.3}, {'start': 11.4, 'end': 14.7}, {'start': 16.2, 'end': 18.9}, {'start': 20.4, 'end': 22.3}, {'start': 23.7, 'end': 38.1}, {'start': 39.5, 'end': 47.5}, {'start': 49.6, 'end': 51.2}]",4.871428571428572,22.479999999999997,8,"[{'start': 0, 'end': 8.1}, {'start': 10.3, 'end': 1.0999999999999996}, {'start': 14.7, 'end': 1.5}, {'start': 18.9, 'end': 1.5}, {'start': 22.3, 'end': 1.3999999999999986}, {'start': 38.1, 'end': 1.3999999999999986}, {'start': 47.5, 'end': 2.1000000000000014}, {'start': 51.2, 'end': 5.3799999999999955}]",2.8099999999999996
N-0970-RAT-1-robb.wav,123.86,3,"[{'start': 1.9, 'end': 100.7}, {'start': 102.0, 'end': 118.6}, {'start': 119.9, 'end': 128.36}]",41.28666666666667,4.500000000000014,4,"[{'start': 0, 'end': 1.9}, {'start': 100.7, 'end': 1.2999999999999972}, {'start': 118.6, 'end': 1.3000000000000114}, {'start': 128.36, 'end': 0.0}]",1.1250000000000036
N-1005-RAT-1-bike.wav,37.9,9,"[{'start': 5.0, 'end': 8.6}, {'start': 10.2, 'end': 13.5}, {'start': 14.8, 'end': 18.6}, {'start': 20.8, 'end': 22.5}, {'start': 23.7, 'end': 24.3}, {'start': 28.2, 'end': 28.8}, {'start': 30.2, 'end': 47.4}, {'start': 48.5, 'end': 49.8}, {'start': 54.1, 'end': 59.9}]",4.211111111111111,28.839999999999996,10,"[{'start': 0, 'end': 5.0}, {'start': 8.6, 'end': 1.5999999999999996}, {'start': 13.5, 'end': 1.3000000000000007}, {'start': 18.6, 'end': 2.1999999999999993}, {'start': 22.5, 'end': 1.1999999999999993}, {'start': 24.3, 'end': 3.8999999999999986}, {'start': 28.8, 'end': 1.3999999999999986}, {'start': 47.4, 'end': 1.1000000000000014}, {'start': 49.8, 'end': 4.300000000000004}, {'start': 59.9, 'end': 6.839999999999996}]",2.8839999999999995
N-1008-RAT-1-bike.wav,61.599999999999994,4,"[{'start': 0.3, 'end': 2.0}, {'start': 5.1, 'end': 26.2}, {'start': 28.1, 'end': 30.4}, {'start': 35.0, 'end': 71.5}]",15.399999999999999,9.940000000000012,5,"[{'start': 0, 'end': 0.3}, {'start': 2.0, 'end': 3.0999999999999996}, {'start': 26.2, 'end': 1.9000000000000021}, {'start': 30.4, 'end': 4.600000000000001}, {'start': 71.5, 'end': 0.04000000000000625}]",1.9880000000000024
N-0981-RAT-1-bike.wav,14.099999999999996,4,"[{'start': 1.3, 'end': 3.8}, {'start': 5.0, 'end': 11.0}, {'start': 12.4, 'end': 16.4}, {'start': 17.8, 'end': 19.4}]",3.524999999999999,9.700000000000005,5,"[{'start': 0, 'end': 1.3}, {'start': 3.8, 'end': 1.2000000000000002}, {'start': 11.0, 'end': 1.4000000000000004}, {'start': 16.4, 'end': 1.4000000000000021}, {'start': 19.4, 'end': 4.400000000000002}]",1.9400000000000008
N-1009-RAT-1-bike.wav,34.6,9,"[{'start': 2.1, 'end': 3.2}, {'start': 4.3, 'end': 10.6}, {'start': 12.0, 'end': 14.3}, {'start': 15.6, 'end': 21.1}, {'start': 24.4, 'end': 27.5}, {'start': 30.0, 'end': 32.8}, {'start': 38.1, 'end': 47.0}, {'start': 48.4, 'end': 50.5}, {'start': 52.1, 'end': 54.6}]",3.8444444444444446,20.019999999999996,10,"[{'start': 0, 'end': 2.1}, {'start': 3.2, 'end': 1.0999999999999996}, {'start': 10.6, 'end': 1.4000000000000004}, {'start': 14.3, 'end': 1.299999999999999}, {'start': 21.1, 'end': 3.299999999999997}, {'start': 27.5, 'end': 2.5}, {'start': 32.8, 'end': 5.300000000000004}, {'start': 47.0, 'end': 1.3999999999999986}, {'start': 50.5, 'end': 1.6000000000000014}, {'start': 54.6, 'end': 0.01999999999999602}]",2.002
N-0941-RAT-1-robb.wav,16.5,4,"[{'start': 0.4, 'end': 5.0}, {'start': 6.1, 'end': 9.4}, {'start': 10.8, 'end': 12.5}, {'start': 15.1, 'end': 22.0}]",4.125,5.52,5,"[{'start': 0, 'end': 0.4}, {'start': 5.0, 'end': 1.0999999999999996}, {'start': 9.4, 'end': 1.4000000000000004}, {'start': 12.5, 'end': 2.5999999999999996}, {'start': 22.0, 'end': 0.019999999999999574}]",1.1039999999999999
N-0969-RAT-1-bike.wav,27.96,6,"[{'start': 1.3, 'end': 4.8}, {'start': 6.9, 'end': 12.1}, {'start': 13.1, 'end': 14.1}, {'start': 16.9, 'end': 24.3}, {'start': 28.7, 'end': 30.8}, {'start': 32.7, 'end': 41.46}]",4.66,13.5,7,"[{'start': 0, 'end': 1.3}, {'start': 4.8, 'end': 2.1000000000000005}, {'start': 12.1, 'end': 1.0}, {'start': 14.1, 'end': 2.799999999999999}, {'start': 24.3, 'end': 4.399999999999999}, {'start': 30.8, 'end': 1.9000000000000021}, {'start': 41.46, 'end': 0.0}]",1.9285714285714286
N-1018-RAT-1-bike.wav,19.8,5,"[{'start': 2.4, 'end': 5.1}, {'start': 7.0, 'end': 9.4}, {'start': 10.5, 'end': 20.5}, {'start': 22.2, 'end': 26.0}, {'start': 27.9, 'end': 28.8}]",3.96,9.0,6,"[{'start': 0, 'end': 2.4}, {'start': 5.1, 'end': 1.9000000000000004}, {'start': 9.4, 'end': 1.0999999999999996}, {'start': 20.5, 'end': 1.6999999999999993}, {'start': 26.0, 'end': 1.8999999999999986}, {'start': 28.8, 'end': 0.0}]",1.5
N-0961-RAT-1-robb.wav,18.1,5,"[{'start': 0.3, 'end': 1.6}, {'start': 6.3, 'end': 8.8}, {'start': 11.2, 'end': 13.8}, {'start': 15.4, 'end': 16.6}, {'start': 19.6, 'end': 30.1}]",3.62,16.979999999999997,6,"[{'start': 0, 'end': 0.3}, {'start': 1.6, 'end': 4.699999999999999}, {'start': 8.8, 'end': 2.3999999999999986}, {'start': 13.8, 'end': 1.5999999999999996}, {'start': 16.6, 'end': 3.0}, {'start': 30.1, 'end': 4.979999999999997}]",2.8299999999999996
N-0929-RAT-1-robb.wav,18.9,6,"[{'start': 12.8, 'end': 14.2}, {'start': 16.6, 'end': 17.7}, {'start': 21.7, 'end': 28.5}, {'start': 37.2, 'end': 39.1}, {'start': 42.8, 'end': 46.8}, {'start': 56.9, 'end': 60.6}]",3.15,47.720000000000006,7,"[{'start': 0, 'end': 12.8}, {'start': 14.2, 'end': 2.400000000000002}, {'start': 17.7, 'end': 4.0}, {'start': 28.5, 'end': 8.700000000000003}, {'start': 39.1, 'end': 3.6999999999999957}, {'start': 46.8, 'end': 10.100000000000001}, {'start': 60.6, 'end': 6.020000000000003}]",6.817142857142858
N-1012-RAT-1-bike.wav,24.099999999999998,2,"[{'start': 1.3, 'end': 24.8}, {'start': 26.8, 'end': 27.4}]",12.049999999999999,3.3400000000000034,3,"[{'start': 0, 'end': 1.3}, {'start': 24.8, 'end': 2.0}, {'start': 27.4, 'end': 0.0400000000000027}]",1.1133333333333344
N-0934-RAT-1-bike.wav,22.699999999999996,6,"[{'start': 13.5, 'end': 14.8}, {'start': 16.4, 'end': 18.2}, {'start': 19.3, 'end': 21.1}, {'start': 28.5, 'end': 31.2}, {'start': 32.6, 'end': 35.5}, {'start': 36.7, 'end': 48.9}]",3.7833333333333328,30.220000000000006,7,"[{'start': 0, 'end': 13.5}, {'start': 14.8, 'end': 1.5999999999999979}, {'start': 18.2, 'end': 1.1000000000000014}, {'start': 21.1, 'end': 7.399999999999999}, {'start': 31.2, 'end': 1.4000000000000021}, {'start': 35.5, 'end': 1.2000000000000028}, {'start': 48.9, 'end': 4.020000000000003}]",4.317142857142858
N-0915-RAT-1-bike.wav,23.7,1,"[{'start': 1.8, 'end': 25.5}]",23.7,3.6799999999999997,2,"[{'start': 0, 'end': 1.8}, {'start': 25.5, 'end': 1.879999999999999}]",1.8399999999999999
N-0998-RAT-1-bike.wav,32.28,7,"[{'start': 5.6, 'end': 11.4}, {'start': 12.7, 'end': 23.2}, {'start': 25.5, 'end': 31.0}, {'start': 32.3, 'end': 33.0}, {'start': 34.4, 'end': 37.3}, {'start': 38.7, 'end': 44.9}, {'start': 47.2, 'end': 47.88}]",4.611428571428571,15.600000000000001,8,"[{'start': 0, 'end': 5.6}, {'start': 11.4, 'end': 1.299999999999999}, {'start': 23.2, 'end': 2.3000000000000007}, {'start': 31.0, 'end': 1.2999999999999972}, {'start': 33.0, 'end': 1.3999999999999986}, {'start': 37.3, 'end': 1.4000000000000057}, {'start': 44.9, 'end': 2.3000000000000043}, {'start': 47.88, 'end': 0.0}]",1.9500000000000002
N-0997-RAT-1-robb.wav,26.7,7,"[{'start': 1.7, 'end': 5.0}, {'start': 6.1, 'end': 10.5}, {'start': 14.3, 'end': 15.8}, {'start': 17.1, 'end': 21.0}, {'start': 22.7, 'end': 25.3}, {'start': 29.0, 'end': 30.4}, {'start': 32.5, 'end': 42.1}]",3.814285714285714,16.500000000000004,8,"[{'start': 0, 'end': 1.7}, {'start': 5.0, 'end': 1.0999999999999996}, {'start': 10.5, 'end': 3.8000000000000007}, {'start': 15.8, 'end': 1.3000000000000007}, {'start': 21.0, 'end': 1.6999999999999993}, {'start': 25.3, 'end': 3.6999999999999993}, {'start': 30.4, 'end': 2.1000000000000014}, {'start': 42.1, 'end': 1.1000000000000014}]",2.0625000000000004
N-1010-RAT-1-robb.wav,19.299999999999997,2,"[{'start': 0.4, 'end': 5.0}, {'start': 6.0, 'end': 20.7}]",9.649999999999999,1.4000000000000021,3,"[{'start': 0, 'end': 0.4}, {'start': 5.0, 'end': 1.0}, {'start': 20.7, 'end': 0.0}]",0.4666666666666674
N-0915-RAT-1-robb.wav,15.200000000000001,4,"[{'start': 1.1, 'end': 4.6}, {'start': 6.1, 'end': 15.2}, {'start': 18.2, 'end': 19.7}, {'start': 22.4, 'end': 23.5}]",3.8000000000000003,8.299999999999999,5,"[{'start': 0, 'end': 1.1}, {'start': 4.6, 'end': 1.5}, {'start': 15.2, 'end': 3.0}, {'start': 19.7, 'end': 2.6999999999999993}, {'start': 23.5, 'end': 0.0}]",1.6599999999999997
N-0927-RAT-1-robb.wav,12.900000000000002,4,"[{'start': 3.3, 'end': 4.3}, {'start': 5.8, 'end': 6.4}, {'start': 8.5, 'end': 17.1}, {'start': 19.0, 'end': 21.7}]",3.2250000000000005,9.839999999999996,5,"[{'start': 0, 'end': 3.3}, {'start': 4.3, 'end': 1.5}, {'start': 6.4, 'end': 2.0999999999999996}, {'start': 17.1, 'end': 1.8999999999999986}, {'start': 21.7, 'end': 1.0399999999999991}]",1.9679999999999993
N-0991-RAT-1-bike.wav,16.08,2,"[{'start': 2.5, 'end': 17.5}, {'start': 18.8, 'end': 19.88}]",8.04,3.8000000000000007,3,"[{'start': 0, 'end': 2.5}, {'start': 17.5, 'end': 1.3000000000000007}, {'start': 19.88, 'end': 0.0}]",1.2666666666666668
N-0901-RAT-1-bike.wav,25.900000000000002,8,"[{'start': 2.2, 'end': 8.4}, {'start': 9.8, 'end': 19.0}, {'start': 20.2, 'end': 22.2}, {'start': 23.4, 'end': 24.1}, {'start': 25.6, 'end': 28.3}, {'start': 33.3, 'end': 34.5}, {'start': 36.0, 'end': 39.0}, {'start': 41.4, 'end': 42.3}]",3.2375000000000003,19.8,9,"[{'start': 0, 'end': 2.2}, {'start': 8.4, 'end': 1.4000000000000004}, {'start': 19.0, 'end': 1.1999999999999993}, {'start': 22.2, 'end': 1.1999999999999993}, {'start': 24.1, 'end': 1.5}, {'start': 28.3, 'end': 4.9999999999999964}, {'start': 34.5, 'end': 1.5}, {'start': 39.0, 'end': 2.3999999999999986}, {'start': 42.3, 'end': 3.4000000000000057}]",2.2
N-0909-RAT-1-robb.wav,20.0,2,"[{'start': 0.3, 'end': 17.3}, {'start': 18.8, 'end': 21.8}]",10.0,1.8200000000000003,3,"[{'start': 0, 'end': 0.3}, {'start': 17.3, 'end': 1.5}, {'start': 21.8, 'end': 0.019999999999999574}]",0.6066666666666668
N-0904-RAT-1-robb.wav,21.599999999999998,2,"[{'start': 1.6, 'end': 20.2}, {'start': 24.4, 'end': 27.4}]",10.799999999999999,5.820000000000004,3,"[{'start': 0, 'end': 1.6}, {'start': 20.2, 'end': 4.199999999999999}, {'start': 27.4, 'end': 0.020000000000003126}]",1.9400000000000013
N-0983-RAT-1-bike.wav,22.5,1,"[{'start': 0.4, 'end': 22.9}]",22.5,1.6799999999999997,2,"[{'start': 0, 'end': 0.4}, {'start': 22.9, 'end': 1.2800000000000011}]",0.8399999999999999
N-1025-RAT-1-robb.wav,22.560000000000002,4,"[{'start': 1.0, 'end': 4.6}, {'start': 6.0, 'end': 14.4}, {'start': 15.7, 'end': 17.6}, {'start': 18.9, 'end': 27.56}]",5.640000000000001,4.9999999999999964,5,"[{'start': 0, 'end': 1.0}, {'start': 4.6, 'end': 1.4000000000000004}, {'start': 14.4, 'end': 1.299999999999999}, {'start': 17.6, 'end': 1.2999999999999972}, {'start': 27.56, 'end': 0.0}]",0.9999999999999993
N-0940-RAT-1-robb.wav,9.2,2,"[{'start': 2.7, 'end': 6.0}, {'start': 7.4, 'end': 13.3}]",4.6,6.020000000000001,3,"[{'start': 0, 'end': 2.7}, {'start': 6.0, 'end': 1.4000000000000004}, {'start': 13.3, 'end': 1.92}]",2.0066666666666673
N-0935-RAT-1-robb.wav,8.2,2,"[{'start': 0.9, 'end': 4.1}, {'start': 5.2, 'end': 10.2}]",4.1,6.6800000000000015,3,"[{'start': 0, 'end': 0.9}, {'start': 4.1, 'end': 1.1000000000000005}, {'start': 10.2, 'end': 4.6800000000000015}]",2.226666666666667
N-0936-RAT-1-robb.wav,12.7,3,"[{'start': 3.9, 'end': 7.2}, {'start': 9.9, 'end': 12.2}, {'start': 13.6, 'end': 20.7}]",4.233333333333333,9.080000000000002,4,"[{'start': 0, 'end': 3.9}, {'start': 7.2, 'end': 2.7}, {'start': 12.2, 'end': 1.4000000000000004}, {'start': 20.7, 'end': 1.0800000000000018}]",2.2700000000000005
N-0984-RAT-1-bike.wav,13.0,1,"[{'start': 2.1, 'end': 15.1}]",13.0,3.460000000000001,2,"[{'start': 0, 'end': 2.1}, {'start': 15.1, 'end': 1.3600000000000012}]",1.7300000000000004
N-0935-RAT-1-bike.wav,9.2,1,"[{'start': 3.7, 'end': 12.9}]",9.2,6.5600000000000005,2,"[{'start': 0, 'end': 3.7}, {'start': 12.9, 'end': 2.8599999999999994}]",3.2800000000000002
N-1015-RAT-1-robb.wav,33.78,10,"[{'start': 2.6, 'end': 10.7}, {'start': 12.1, 'end': 14.5}, {'start': 15.6, 'end': 16.4}, {'start': 17.7, 'end': 23.3}, {'start': 25.7, 'end': 28.0}, {'start': 29.3, 'end': 30.8}, {'start': 36.5, 'end': 38.5}, {'start': 40.8, 'end': 45.2}, {'start': 46.4, 'end': 49.0}, {'start': 50.2, 'end': 54.28}]",3.378,20.5,11,"[{'start': 0, 'end': 2.6}, {'start': 10.7, 'end': 1.4000000000000004}, {'start': 14.5, 'end': 1.0999999999999996}, {'start': 16.4, 'end': 1.3000000000000007}, {'start': 23.3, 'end': 2.3999999999999986}, {'start': 28.0, 'end': 1.3000000000000007}, {'start': 30.8, 'end': 5.699999999999999}, {'start': 38.5, 'end': 2.299999999999997}, {'start': 45.2, 'end': 1.1999999999999957}, {'start': 49.0, 'end': 1.2000000000000028}, {'start': 54.28, 'end': 0.0}]",1.8636363636363635
N-0961-RAT-1-bike.wav,25.9,2,"[{'start': 1.5, 'end': 15.5}, {'start': 20.0, 'end': 31.9}]",12.95,8.54,3,"[{'start': 0, 'end': 1.5}, {'start': 15.5, 'end': 4.5}, {'start': 31.9, 'end': 2.539999999999999}]",2.8466666666666662
N-0928-RAT-1-robb.wav,22.56,3,"[{'start': 7.5, 'end': 13.0}, {'start': 14.2, 'end': 20.1}, {'start': 22.0, 'end': 33.16}]",7.52,10.599999999999998,4,"[{'start': 0, 'end': 7.5}, {'start': 13.0, 'end': 1.1999999999999993}, {'start': 20.1, 'end': 1.8999999999999986}, {'start': 33.16, 'end': 0.0}]",2.6499999999999995
N-0987-RAT-1-bike.wav,19.200000000000003,2,"[{'start': 1.2, 'end': 13.9}, {'start': 15.0, 'end': 21.5}]",9.600000000000001,5.419999999999998,3,"[{'start': 0, 'end': 1.2}, {'start': 13.9, 'end': 1.0999999999999996}, {'start': 21.5, 'end': 3.120000000000001}]",1.806666666666666
N-1004-RAT-1-robb.wav,16.7,2,"[{'start': 1.1, 'end': 17.1}, {'start': 18.2, 'end': 18.9}]",8.35,2.1999999999999993,3,"[{'start': 0, 'end': 1.1}, {'start': 17.1, 'end': 1.0999999999999979}, {'start': 18.9, 'end': 0.0}]",0.7333333333333331
N-1017-RAT-1-robb.wav,23.099999999999998,6,"[{'start': 0.6, 'end': 1.2}, {'start': 4.3, 'end': 8.1}, {'start': 9.5, 'end': 14.4}, {'start': 16.4, 'end': 22.9}, {'start': 24.0, 'end': 25.3}, {'start': 26.3, 'end': 32.3}]",3.8499999999999996,11.120000000000001,7,"[{'start': 0, 'end': 0.6}, {'start': 1.2, 'end': 3.0999999999999996}, {'start': 8.1, 'end': 1.4000000000000004}, {'start': 14.4, 'end': 1.9999999999999982}, {'start': 22.9, 'end': 1.1000000000000014}, {'start': 25.3, 'end': 1.0}, {'start': 32.3, 'end': 1.9200000000000017}]",1.5885714285714287
N-0991-RAT-1-robb.wav,18.7,1,"[{'start': 1.0, 'end': 19.7}]",18.7,2.3000000000000007,2,"[{'start': 0, 'end': 1.0}, {'start': 19.7, 'end': 1.3000000000000007}]",1.1500000000000004
N-0942-RAT-1-bike.wav,6.399999999999999,3,"[{'start': 1.6, 'end': 5.1}, {'start': 7.3, 'end': 9.4}, {'start': 10.8, 'end': 11.6}]",2.133333333333333,8.440000000000001,4,"[{'start': 0, 'end': 1.6}, {'start': 5.1, 'end': 2.2}, {'start': 9.4, 'end': 1.4000000000000004}, {'start': 11.6, 'end': 3.24}]",2.1100000000000003
N-0981-RAT-1-robb.wav,14.5,2,"[{'start': 1.2, 'end': 8.4}, {'start': 9.6, 'end': 16.9}]",7.25,6.039999999999999,3,"[{'start': 0, 'end': 1.2}, {'start': 8.4, 'end': 1.1999999999999993}, {'start': 16.9, 'end': 3.6400000000000006}]",2.013333333333333
N-0909-RAT-1-bike.wav,36.080000000000005,1,"[{'start': 1.3, 'end': 37.38}]",36.080000000000005,1.2999999999999972,2,"[{'start': 0, 'end': 1.3}, {'start': 37.38, 'end': 0.0}]",0.6499999999999986
N-0916-RAT-1-bike.wav,65.28,3,"[{'start': 1.0, 'end': 21.7}, {'start': 22.8, 'end': 32.5}, {'start': 33.6, 'end': 68.48}]",21.76,3.200000000000003,4,"[{'start': 0, 'end': 1.0}, {'start': 21.7, 'end': 1.1000000000000014}, {'start': 32.5, 'end': 1.1000000000000014}, {'start': 68.48, 'end': 0.0}]",0.8000000000000007
N-0990-RAT-1-bike.wav,35.60000000000001,7,"[{'start': 3.1, 'end': 8.2}, {'start': 9.2, 'end': 17.6}, {'start': 19.4, 'end': 20.4}, {'start': 22.4, 'end': 24.2}, {'start': 25.9, 'end': 30.4}, {'start': 31.6, 'end': 35.2}, {'start': 39.4, 'end': 50.6}]",5.085714285714287,16.37999999999999,8,"[{'start': 0, 'end': 3.1}, {'start': 8.2, 'end': 1.0}, {'start': 17.6, 'end': 1.7999999999999972}, {'start': 20.4, 'end': 2.0}, {'start': 24.2, 'end': 1.6999999999999993}, {'start': 30.4, 'end': 1.2000000000000028}, {'start': 35.2, 'end': 4.199999999999996}, {'start': 50.6, 'end': 1.3799999999999955}]",2.0474999999999985
N-0926-RAT-1-bike.wav,18.6,4,"[{'start': 3.6, 'end': 13.2}, {'start': 16.0, 'end': 19.6}, {'start': 20.6, 'end': 23.2}, {'start': 25.5, 'end': 28.3}]",4.65,13.32,5,"[{'start': 0, 'end': 3.6}, {'start': 13.2, 'end': 2.8000000000000007}, {'start': 19.6, 'end': 1.0}, {'start': 23.2, 'end': 2.3000000000000007}, {'start': 28.3, 'end': 3.620000000000001}]",2.664
N-0987-RAT-1-robb.wav,30.3,1,"[{'start': 2.3, 'end': 32.6}]",30.3,2.34,2,"[{'start': 0, 'end': 2.3}, {'start': 32.6, 'end': 0.03999999999999915}]",1.17
N-0944-RAT-1-robb.wav,25.96,6,"[{'start': 0.5, 'end': 3.7}, {'start': 5.8, 'end': 12.6}, {'start': 16.5, 'end': 20.8}, {'start': 25.4, 'end': 28.3}, {'start': 32.3, 'end': 33.9}, {'start': 35.0, 'end': 42.16}]",4.326666666666667,16.199999999999996,7,"[{'start': 0, 'end': 0.5}, {'start': 3.7, 'end': 2.0999999999999996}, {'start': 12.6, 'end': 3.9000000000000004}, {'start': 20.8, 'end': 4.599999999999998}, {'start': 28.3, 'end': 3.9999999999999964}, {'start': 33.9, 'end': 1.1000000000000014}, {'start': 42.16, 'end': 0.0}]",2.3142857142857136
N-0944-RAT-1-bike.wav,25.4,8,"[{'start': 1.1, 'end': 2.9}, {'start': 7.7, 'end': 12.9}, {'start': 15.2, 'end': 17.1}, {'start': 18.5, 'end': 24.5}, {'start': 28.0, 'end': 31.2}, {'start': 34.0, 'end': 38.6}, {'start': 39.7, 'end': 41.0}, {'start': 42.9, 'end': 44.3}]",3.175,20.660000000000004,9,"[{'start': 0, 'end': 1.1}, {'start': 2.9, 'end': 4.800000000000001}, {'start': 12.9, 'end': 2.299999999999999}, {'start': 17.1, 'end': 1.3999999999999986}, {'start': 24.5, 'end': 3.5}, {'start': 31.2, 'end': 2.8000000000000007}, {'start': 38.6, 'end': 1.1000000000000014}, {'start': 41.0, 'end': 1.8999999999999986}, {'start': 44.3, 'end': 1.7600000000000051}]",2.295555555555556
N-0932-RAT-1-bike.wav,25.900000000000002,3,"[{'start': 2.9, 'end': 20.5}, {'start': 22.1, 'end': 27.6}, {'start': 28.7, 'end': 31.5}]",8.633333333333335,7.48,4,"[{'start': 0, 'end': 2.9}, {'start': 20.5, 'end': 1.6000000000000014}, {'start': 27.6, 'end': 1.0999999999999979}, {'start': 31.5, 'end': 1.8800000000000026}]",1.87
N-0940-RAT-1-bike.wav,13.5,3,"[{'start': 3.2, 'end': 8.2}, {'start': 9.5, 'end': 15.1}, {'start': 16.2, 'end': 19.1}]",4.5,8.54,4,"[{'start': 0, 'end': 3.2}, {'start': 8.2, 'end': 1.3000000000000007}, {'start': 15.1, 'end': 1.0999999999999996}, {'start': 19.1, 'end': 2.9399999999999977}]",2.135
N-1010-RAT-1-bike.wav,21.3,4,"[{'start': 2.0, 'end': 12.3}, {'start': 13.8, 'end': 14.8}, {'start': 16.2, 'end': 25.6}, {'start': 26.8, 'end': 27.4}]",5.325,6.140000000000001,5,"[{'start': 0, 'end': 2.0}, {'start': 12.3, 'end': 1.5}, {'start': 14.8, 'end': 1.3999999999999986}, {'start': 25.6, 'end': 1.1999999999999993}, {'start': 27.4, 'end': 0.0400000000000027}]",1.2280000000000002
N-0930-RAT-1-robb.wav,11.000000000000002,2,"[{'start': 9.1, 'end': 15.8}, {'start': 19.2, 'end': 23.5}]",5.500000000000001,15.539999999999997,3,"[{'start': 0, 'end': 9.1}, {'start': 15.8, 'end': 3.3999999999999986}, {'start': 23.5, 'end': 3.039999999999999}]",5.179999999999999
N-0906-RAT-1-bike.wav,34.50000000000001,9,"[{'start': 2.9, 'end': 9.0}, {'start': 11.8, 'end': 17.8}, {'start': 18.8, 'end': 23.2}, {'start': 24.4, 'end': 29.5}, {'start': 30.9, 'end': 33.4}, {'start': 35.0, 'end': 41.1}, {'start': 42.9, 'end': 43.6}, {'start': 45.8, 'end': 48.5}, {'start': 49.9, 'end': 50.8}]",3.833333333333334,18.279999999999994,10,"[{'start': 0, 'end': 2.9}, {'start': 9.0, 'end': 2.8000000000000007}, {'start': 17.8, 'end': 1.0}, {'start': 23.2, 'end': 1.1999999999999993}, {'start': 29.5, 'end': 1.3999999999999986}, {'start': 33.4, 'end': 1.6000000000000014}, {'start': 41.1, 'end': 1.7999999999999972}, {'start': 43.6, 'end': 2.1999999999999957}, {'start': 48.5, 'end': 1.3999999999999986}, {'start': 50.8, 'end': 1.980000000000004}]",1.8279999999999994
N-1003-RAT-1-bike.wav,36.16,9,"[{'start': 2.5, 'end': 5.3}, {'start': 6.9, 'end': 9.0}, {'start': 12.2, 'end': 14.9}, {'start': 16.4, 'end': 19.8}, {'start': 21.8, 'end': 24.5}, {'start': 27.3, 'end': 33.8}, {'start': 34.9, 'end': 38.5}, {'start': 40.2, 'end': 51.8}, {'start': 54.3, 'end': 55.06}]",4.017777777777777,18.900000000000006,10,"[{'start': 0, 'end': 2.5}, {'start': 5.3, 'end': 1.6000000000000005}, {'start': 9.0, 'end': 3.1999999999999993}, {'start': 14.9, 'end': 1.4999999999999982}, {'start': 19.8, 'end': 2.0}, {'start': 24.5, 'end': 2.8000000000000007}, {'start': 33.8, 'end': 1.1000000000000014}, {'start': 38.5, 'end': 1.7000000000000028}, {'start': 51.8, 'end': 2.5}, {'start': 55.06, 'end': 0.0}]",1.8900000000000006
N-0907-RAT-1-robb.wav,30.099999999999998,7,"[{'start': 2.3, 'end': 6.2}, {'start': 7.2, 'end': 10.3}, {'start': 11.5, 'end': 14.0}, {'start': 16.2, 'end': 21.3}, {'start': 29.2, 'end': 39.8}, {'start': 43.1, 'end': 44.9}, {'start': 46.0, 'end': 49.1}]",4.3,22.56,8,"[{'start': 0, 'end': 2.3}, {'start': 6.2, 'end': 1.0}, {'start': 10.3, 'end': 1.1999999999999993}, {'start': 14.0, 'end': 2.1999999999999993}, {'start': 21.3, 'end': 7.899999999999999}, {'start': 39.8, 'end': 3.3000000000000043}, {'start': 44.9, 'end': 1.1000000000000014}, {'start': 49.1, 'end': 3.559999999999995}]",2.82
N-0992-RAT-1-robb.wav,27.700000000000003,9,"[{'start': 3.2, 'end': 5.3}, {'start': 6.9, 'end': 7.9}, {'start': 9.1, 'end': 10.8}, {'start': 13.4, 'end': 14.9}, {'start': 17.8, 'end': 20.7}, {'start': 23.7, 'end': 26.5}, {'start': 29.0, 'end': 33.1}, {'start': 34.8, 'end': 37.2}, {'start': 38.6, 'end': 47.8}]",3.077777777777778,21.82,10,"[{'start': 0, 'end': 3.2}, {'start': 5.3, 'end': 1.6000000000000005}, {'start': 7.9, 'end': 1.1999999999999993}, {'start': 10.8, 'end': 2.5999999999999996}, {'start': 14.9, 'end': 2.9000000000000004}, {'start': 20.7, 'end': 3.0}, {'start': 26.5, 'end': 2.5}, {'start': 33.1, 'end': 1.6999999999999957}, {'start': 37.2, 'end': 1.3999999999999986}, {'start': 47.8, 'end': 1.720000000000006}]",2.182
N-0901-RAT-1-robb.wav,20.299999999999997,5,"[{'start': 0.5, 'end': 1.8}, {'start': 3.8, 'end': 7.4}, {'start': 9.5, 'end': 17.5}, {'start': 23.1, 'end': 24.4}, {'start': 25.6, 'end': 31.7}]",4.06,14.280000000000001,6,"[{'start': 0, 'end': 0.5}, {'start': 1.8, 'end': 1.9999999999999998}, {'start': 7.4, 'end': 2.0999999999999996}, {'start': 17.5, 'end': 5.600000000000001}, {'start': 24.4, 'end': 1.2000000000000028}, {'start': 31.7, 'end': 2.879999999999999}]",2.3800000000000003
N-0999-RAT-1-robb.wav,34.88000000000001,7,"[{'start': 1.6, 'end': 2.9}, {'start': 4.0, 'end': 15.2}, {'start': 16.4, 'end': 25.1}, {'start': 26.2, 'end': 30.4}, {'start': 32.3, 'end': 33.0}, {'start': 35.4, 'end': 40.1}, {'start': 46.0, 'end': 50.08}]",4.982857142857144,15.199999999999989,8,"[{'start': 0, 'end': 1.6}, {'start': 2.9, 'end': 1.1}, {'start': 15.2, 'end': 1.1999999999999993}, {'start': 25.1, 'end': 1.0999999999999979}, {'start': 30.4, 'end': 1.8999999999999986}, {'start': 33.0, 'end': 2.3999999999999986}, {'start': 40.1, 'end': 5.899999999999999}, {'start': 50.08, 'end': 0.0}]",1.8999999999999986
N-1006-RAT-1-robb.wav,28.28,1,"[{'start': 0.7, 'end': 28.98}]",28.28,0.6999999999999993,2,"[{'start': 0, 'end': 0.7}, {'start': 28.98, 'end': 0.0}]",0.34999999999999964
N-0962-RAT-1-bike.wav,2.8999999999999995,2,"[{'start': 6.6, 'end': 7.3}, {'start': 14.2, 'end': 16.4}]",1.4499999999999997,40.04,3,"[{'start': 0, 'end': 6.6}, {'start': 7.3, 'end': 6.8999999999999995}, {'start': 16.4, 'end': 26.54}]",13.346666666666666
N-0931-RAT-1-bike.wav,11.3,2,"[{'start': 3.2, 'end': 12.3}, {'start': 13.4, 'end': 15.6}]",5.65,6.5,3,"[{'start': 0, 'end': 3.2}, {'start': 12.3, 'end': 1.0999999999999996}, {'start': 15.6, 'end': 2.200000000000001}]",2.1666666666666665
N-1012-RAT-1-robb.wav,20.059999999999988,7,"[{'start': 1.6, 'end': 10.7}, {'start': 12.3, 'end': 14.5}, {'start': 17.5, 'end': 18.4}, {'start': 19.6, 'end': 21.0}, {'start': 25.1, 'end': 28.0}, {'start': 31.5, 'end': 33.0}, {'start': 38.6, 'end': 40.66}]",2.865714285714284,20.60000000000001,8,"[{'start': 0, 'end': 1.6}, {'start': 10.7, 'end': 1.6000000000000014}, {'start': 14.5, 'end': 3.0}, {'start': 18.4, 'end': 1.2000000000000028}, {'start': 21.0, 'end': 4.100000000000001}, {'start': 28.0, 'end': 3.5}, {'start': 33.0, 'end': 5.600000000000001}, {'start': 40.66, 'end': 0.0}]",2.575000000000001
N-0929-RAT-1-bike.wav,9.600000000000001,7,"[{'start': 6.2, 'end': 6.9}, {'start': 8.9, 'end': 10.4}, {'start': 15.9, 'end': 16.8}, {'start': 17.8, 'end': 18.7}, {'start': 22.2, 'end': 24.5}, {'start': 26.8, 'end': 29.3}, {'start': 30.5, 'end': 31.3}]",1.3714285714285717,85.68,8,"[{'start': 0, 'end': 6.2}, {'start': 6.9, 'end': 2.0}, {'start': 10.4, 'end': 5.5}, {'start': 16.8, 'end': 1.0}, {'start': 18.7, 'end': 3.5}, {'start': 24.5, 'end': 2.3000000000000007}, {'start': 29.3, 'end': 1.1999999999999993}, {'start': 31.3, 'end': 63.980000000000004}]",10.71
N-1004-RAT-1-bike.wav,39.2,1,"[{'start': 0.5, 'end': 39.7}]",39.2,2.1999999999999957,2,"[{'start': 0, 'end': 0.5}, {'start': 39.7, 'end': 1.6999999999999957}]",1.0999999999999979
N-0932-RAT-1-robb.wav,17.5,3,"[{'start': 2.1, 'end': 14.5}, {'start': 15.8, 'end': 18.9}, {'start': 19.9, 'end': 21.9}]",5.833333333333333,6.140000000000001,4,"[{'start': 0, 'end': 2.1}, {'start': 14.5, 'end': 1.3000000000000007}, {'start': 18.9, 'end': 1.0}, {'start': 21.9, 'end': 1.740000000000002}]",1.5350000000000001
N-1020-RAT-1-robb.wav,28.8,3,"[{'start': 0.7, 'end': 3.8}, {'start': 4.8, 'end': 28.3}, {'start': 30.8, 'end': 33.0}]",9.6,4.239999999999998,4,"[{'start': 0, 'end': 0.7}, {'start': 3.8, 'end': 1.0}, {'start': 28.3, 'end': 2.5}, {'start': 33.0, 'end': 0.03999999999999915}]",1.0599999999999996
N-0921-RAT-1-robb.wav,96.6,21,"[{'start': 2.6, 'end': 11.0}, {'start': 13.1, 'end': 22.4}, {'start': 23.9, 'end': 29.3}, {'start': 30.5, 'end': 43.6}, {'start': 44.7, 'end': 46.9}, {'start': 48.2, 'end': 50.3}, {'start': 51.5, 'end': 57.5}, {'start': 61.3, 'end': 70.6}, {'start': 71.8, 'end': 74.6}, {'start': 75.7, 'end': 77.7}, {'start': 78.8, 'end': 81.5}, {'start': 83.0, 'end': 91.2}, {'start': 93.9, 'end': 101.3}, {'start': 105.2, 'end': 106.3}, {'start': 107.9, 'end': 111.5}, {'start': 113.3, 'end': 115.3}, {'start': 116.7, 'end': 119.2}, {'start': 120.4, 'end': 121.1}, {'start': 122.9, 'end': 126.4}, {'start': 127.7, 'end': 128.8}, {'start': 130.1, 'end': 133.3}]",4.6,36.70000000000002,22,"[{'start': 0, 'end': 2.6}, {'start': 11.0, 'end': 2.0999999999999996}, {'start': 22.4, 'end': 1.5}, {'start': 29.3, 'end': 1.1999999999999993}, {'start': 43.6, 'end': 1.1000000000000014}, {'start': 46.9, 'end': 1.3000000000000043}, {'start': 50.3, 'end': 1.2000000000000028}, {'start': 57.5, 'end': 3.799999999999997}, {'start': 70.6, 'end': 1.2000000000000028}, {'start': 74.6, 'end': 1.1000000000000085}, {'start': 77.7, 'end': 1.0999999999999943}, {'start': 81.5, 'end': 1.5}, {'start': 91.2, 'end': 2.700000000000003}, {'start': 101.3, 'end': 3.9000000000000057}, {'start': 106.3, 'end': 1.6000000000000085}, {'start': 111.5, 'end': 1.7999999999999972}, {'start': 115.3, 'end': 1.4000000000000057}, {'start': 119.2, 'end': 1.2000000000000028}, {'start': 121.1, 'end': 1.8000000000000114}, {'start': 126.4, 'end': 1.2999999999999972}, {'start': 128.8, 'end': 1.299999999999983}, {'start': 133.3, 'end': 0.0}]",1.6681818181818189
N-0922-RAT-1-bike.wav,50.400000000000006,6,"[{'start': 3.8, 'end': 6.0}, {'start': 9.0, 'end': 11.2}, {'start': 12.4, 'end': 28.6}, {'start': 30.1, 'end': 41.6}, {'start': 43.6, 'end': 59.1}, {'start': 60.4, 'end': 63.2}]",8.4,18.78,7,"[{'start': 0, 'end': 3.8}, {'start': 6.0, 'end': 3.0}, {'start': 11.2, 'end': 1.200000000000001}, {'start': 28.6, 'end': 1.5}, {'start': 41.6, 'end': 2.0}, {'start': 59.1, 'end': 1.2999999999999972}, {'start': 63.2, 'end': 5.980000000000004}]",2.682857142857143
N-1016-RAT-1-robb.wav,14.68,1,"[{'start': 0.6, 'end': 15.28}]",14.68,0.5999999999999996,2,"[{'start': 0, 'end': 0.6}, {'start': 15.28, 'end': 0.0}]",0.2999999999999998
N-0960-RAT-1-bike.wav,40.2,8,"[{'start': 0.3, 'end': 1.5}, {'start': 4.6, 'end': 6.5}, {'start': 7.9, 'end': 8.6}, {'start': 9.7, 'end': 24.6}, {'start': 28.3, 'end': 29.4}, {'start': 31.0, 'end': 43.6}, {'start': 45.0, 'end': 45.9}, {'start': 46.9, 'end': 53.8}]",5.025,14.919999999999995,9,"[{'start': 0, 'end': 0.3}, {'start': 1.5, 'end': 3.0999999999999996}, {'start': 6.5, 'end': 1.4000000000000004}, {'start': 8.6, 'end': 1.0999999999999996}, {'start': 24.6, 'end': 3.6999999999999993}, {'start': 29.4, 'end': 1.6000000000000014}, {'start': 43.6, 'end': 1.3999999999999986}, {'start': 45.9, 'end': 1.0}, {'start': 53.8, 'end': 1.3200000000000003}]",1.6577777777777771
N-0907-RAT-1-bike.wav,34.6,11,"[{'start': 2.2, 'end': 3.8}, {'start': 6.7, 'end': 9.8}, {'start': 11.7, 'end': 13.0}, {'start': 15.4, 'end': 18.5}, {'start': 21.1, 'end': 28.1}, {'start': 30.6, 'end': 31.9}, {'start': 33.5, 'end': 35.4}, {'start': 37.9, 'end': 40.8}, {'start': 42.4, 'end': 46.0}, {'start': 48.6, 'end': 54.1}, {'start': 55.9, 'end': 59.2}]",3.1454545454545455,27.259999999999998,12,"[{'start': 0, 'end': 2.2}, {'start': 3.8, 'end': 2.9000000000000004}, {'start': 9.8, 'end': 1.8999999999999986}, {'start': 13.0, 'end': 2.4000000000000004}, {'start': 18.5, 'end': 2.6000000000000014}, {'start': 28.1, 'end': 2.5}, {'start': 31.9, 'end': 1.6000000000000014}, {'start': 35.4, 'end': 2.5}, {'start': 40.8, 'end': 1.6000000000000014}, {'start': 46.0, 'end': 2.6000000000000014}, {'start': 54.1, 'end': 1.7999999999999972}, {'start': 59.2, 'end': 2.6599999999999966}]",2.2716666666666665
N-1023-RAT-1-bike.wav,56.099999999999994,5,"[{'start': 4.0, 'end': 14.0}, {'start': 15.4, 'end': 26.7}, {'start': 27.7, 'end': 41.4}, {'start': 42.7, 'end': 45.4}, {'start': 46.9, 'end': 65.3}]",11.219999999999999,9.240000000000009,6,"[{'start': 0, 'end': 4.0}, {'start': 14.0, 'end': 1.4000000000000004}, {'start': 26.7, 'end': 1.0}, {'start': 41.4, 'end': 1.3000000000000043}, {'start': 45.4, 'end': 1.5}, {'start': 65.3, 'end': 0.04000000000000625}]",1.5400000000000016
N-1009-RAT-1-robb.wav,21.900000000000002,4,"[{'start': 1.7, 'end': 10.2}, {'start': 11.5, 'end': 13.8}, {'start': 16.5, 'end': 18.8}, {'start': 20.2, 'end': 29.0}]",5.4750000000000005,8.779999999999998,5,"[{'start': 0, 'end': 1.7}, {'start': 10.2, 'end': 1.3000000000000007}, {'start': 13.8, 'end': 2.6999999999999993}, {'start': 18.8, 'end': 1.3999999999999986}, {'start': 29.0, 'end': 1.6799999999999997}]",1.7559999999999996
N-0906-RAT-1-robb.wav,29.26000000000001,8,"[{'start': 1.4, 'end': 4.4}, {'start': 6.3, 'end': 14.1}, {'start': 15.4, 'end': 16.7}, {'start': 17.7, 'end': 18.8}, {'start': 19.9, 'end': 22.5}, {'start': 24.5, 'end': 26.0}, {'start': 27.9, 'end': 29.8}, {'start': 31.4, 'end': 41.46}]",3.657500000000001,12.199999999999992,9,"[{'start': 0, 'end': 1.4}, {'start': 4.4, 'end': 1.8999999999999995}, {'start': 14.1, 'end': 1.3000000000000007}, {'start': 16.7, 'end': 1.0}, {'start': 18.8, 'end': 1.0999999999999979}, {'start': 22.5, 'end': 2.0}, {'start': 26.0, 'end': 1.8999999999999986}, {'start': 29.8, 'end': 1.5999999999999979}, {'start': 41.46, 'end': 0.0}]",1.3555555555555547
N-0903-RAT-1-bike.wav,25.7,2,"[{'start': 1.6, 'end': 26.1}, {'start': 28.0, 'end': 29.2}]",12.85,4.640000000000001,3,"[{'start': 0, 'end': 1.6}, {'start': 26.1, 'end': 1.8999999999999986}, {'start': 29.2, 'end': 1.1400000000000006}]",1.5466666666666669
N-0939-RAT-1-robb.wav,21.68,1,"[{'start': 1.0, 'end': 22.68}]",21.68,1.0,2,"[{'start': 0, 'end': 1.0}, {'start': 22.68, 'end': 0.0}]",0.5
N-0930-RAT-1-bike.wav,24.400000000000006,6,"[{'start': 4.1, 'end': 12.3}, {'start': 13.4, 'end': 16.6}, {'start': 18.8, 'end': 21.3}, {'start': 22.4, 'end': 24.6}, {'start': 26.1, 'end': 31.7}, {'start': 33.5, 'end': 36.2}]",4.066666666666667,14.039999999999992,7,"[{'start': 0, 'end': 4.1}, {'start': 12.3, 'end': 1.0999999999999996}, {'start': 16.6, 'end': 2.1999999999999993}, {'start': 21.3, 'end': 1.0999999999999979}, {'start': 24.6, 'end': 1.5}, {'start': 31.7, 'end': 1.8000000000000007}, {'start': 36.2, 'end': 2.239999999999995}]",2.0057142857142845
N-1024-RAT-1-robb.wav,29.5,1,"[{'start': 0.5, 'end': 30.0}]",29.5,0.5199999999999996,2,"[{'start': 0, 'end': 0.5}, {'start': 30.0, 'end': 0.019999999999999574}]",0.2599999999999998
N-1007-RAT-1-bike.wav,52.3,6,"[{'start': 1.9, 'end': 15.1}, {'start': 16.3, 'end': 24.4}, {'start': 25.5, 'end': 31.6}, {'start': 32.9, 'end': 42.1}, {'start': 43.7, 'end': 50.6}, {'start': 53.0, 'end': 61.8}]",8.716666666666667,11.560000000000002,7,"[{'start': 0, 'end': 1.9}, {'start': 15.1, 'end': 1.200000000000001}, {'start': 24.4, 'end': 1.1000000000000014}, {'start': 31.6, 'end': 1.2999999999999972}, {'start': 42.1, 'end': 1.6000000000000014}, {'start': 50.6, 'end': 2.3999999999999986}, {'start': 61.8, 'end': 2.0600000000000023}]",1.6514285714285717
N-1002-RAT-1-robb.wav,56.800000000000004,2,"[{'start': 0.9, 'end': 35.1}, {'start': 37.0, 'end': 59.6}]",28.400000000000002,4.819999999999993,3,"[{'start': 0, 'end': 0.9}, {'start': 35.1, 'end': 1.8999999999999986}, {'start': 59.6, 'end': 2.019999999999996}]",1.6066666666666645
N-0923-RAT-1-bike.wav,27.69999999999999,5,"[{'start': 2.9, 'end': 10.2}, {'start': 11.3, 'end': 20.2}, {'start': 21.6, 'end': 27.3}, {'start': 29.2, 'end': 32.4}, {'start': 34.7, 'end': 37.3}]",5.539999999999997,11.920000000000009,6,"[{'start': 0, 'end': 2.9}, {'start': 10.2, 'end': 1.1000000000000014}, {'start': 20.2, 'end': 1.4000000000000021}, {'start': 27.3, 'end': 1.8999999999999986}, {'start': 32.4, 'end': 2.3000000000000043}, {'start': 37.3, 'end': 2.3200000000000003}]",1.9866666666666681
N-0963-RAT-1-robb.wav,48.99999999999999,12,"[{'start': 2.3, 'end': 5.7}, {'start': 7.2, 'end': 7.9}, {'start': 9.2, 'end': 13.6}, {'start': 14.7, 'end': 16.9}, {'start': 17.9, 'end': 19.8}, {'start': 21.3, 'end': 32.8}, {'start': 34.6, 'end': 41.3}, {'start': 42.9, 'end': 45.1}, {'start': 46.3, 'end': 49.8}, {'start': 51.9, 'end': 56.2}, {'start': 57.2, 'end': 61.5}, {'start': 62.7, 'end': 66.6}]",4.083333333333333,18.720000000000006,13,"[{'start': 0, 'end': 2.3}, {'start': 5.7, 'end': 1.5}, {'start': 7.9, 'end': 1.299999999999999}, {'start': 13.6, 'end': 1.0999999999999996}, {'start': 16.9, 'end': 1.0}, {'start': 19.8, 'end': 1.5}, {'start': 32.8, 'end': 1.8000000000000043}, {'start': 41.3, 'end': 1.6000000000000014}, {'start': 45.1, 'end': 1.1999999999999957}, {'start': 49.8, 'end': 2.1000000000000014}, {'start': 56.2, 'end': 1.0}, {'start': 61.5, 'end': 1.2000000000000028}, {'start': 66.6, 'end': 1.1200000000000045}]",1.4400000000000004
N-0964-RAT-1-robb.wav,49.8,4,"[{'start': 0.4, 'end': 7.1}, {'start': 8.3, 'end': 33.3}, {'start': 34.5, 'end': 40.5}, {'start': 46.8, 'end': 58.9}]",12.45,9.100000000000001,5,"[{'start': 0, 'end': 0.4}, {'start': 7.1, 'end': 1.200000000000001}, {'start': 33.3, 'end': 1.2000000000000028}, {'start': 40.5, 'end': 6.299999999999997}, {'start': 58.9, 'end': 0.0}]",1.8200000000000003
N-1014-RAT-1-bike.wav,12.899999999999999,1,"[{'start': 2.2, 'end': 15.1}]",12.899999999999999,3.860000000000003,2,"[{'start': 0, 'end': 2.2}, {'start': 15.1, 'end': 1.660000000000002}]",1.9300000000000015
N-1024-RAT-1-bike.wav,31.799999999999997,1,"[{'start': 1.1, 'end': 32.9}]",31.799999999999997,1.1000000000000014,2,"[{'start': 0, 'end': 1.1}, {'start': 32.9, 'end': 0.0}]",0.5500000000000007
N-1000-RAT-1-robb.wav,80.6,12,"[{'start': 0.4, 'end': 4.9}, {'start': 5.9, 'end': 13.1}, {'start': 14.3, 'end': 23.0}, {'start': 25.6, 'end': 34.8}, {'start': 39.1, 'end': 41.3}, {'start': 42.3, 'end': 48.7}, {'start': 49.9, 'end': 51.9}, {'start': 55.6, 'end': 59.8}, {'start': 61.9, 'end': 70.6}, {'start': 72.5, 'end': 76.6}, {'start': 78.3, 'end': 94.3}, {'start': 103.8, 'end': 111.2}]",6.716666666666666,30.64,13,"[{'start': 0, 'end': 0.4}, {'start': 4.9, 'end': 1.0}, {'start': 13.1, 'end': 1.200000000000001}, {'start': 23.0, 'end': 2.6000000000000014}, {'start': 34.8, 'end': 4.300000000000004}, {'start': 41.3, 'end': 1.0}, {'start': 48.7, 'end': 1.1999999999999957}, {'start': 51.9, 'end': 3.700000000000003}, {'start': 59.8, 'end': 2.1000000000000014}, {'start': 70.6, 'end': 1.9000000000000057}, {'start': 76.6, 'end': 1.7000000000000028}, {'start': 94.3, 'end': 9.5}, {'start': 111.2, 'end': 0.03999999999999204}]",2.356923076923077
N-0912-RAT-1-robb.wav,0.0,0,[],0.0,31.24,1,"[{'start': 0, 'end': 31.24}]",31.24
N-1001-RAT-1-bike.wav,43.6,6,"[{'start': 1.6, 'end': 7.1}, {'start': 8.5, 'end': 28.0}, {'start': 29.7, 'end': 39.3}, {'start': 42.0, 'end': 43.1}, {'start': 44.2, 'end': 46.7}, {'start': 49.3, 'end': 54.7}]",7.266666666666667,11.119999999999997,7,"[{'start': 0, 'end': 1.6}, {'start': 7.1, 'end': 1.4000000000000004}, {'start': 28.0, 'end': 1.6999999999999993}, {'start': 39.3, 'end': 2.700000000000003}, {'start': 43.1, 'end': 1.1000000000000014}, {'start': 46.7, 'end': 2.5999999999999943}, {'start': 54.7, 'end': 0.01999999999999602}]",1.5885714285714283
N-0933-RAT-1-robb.wav,21.9,5,"[{'start': 2.3, 'end': 13.5}, {'start': 14.8, 'end': 18.5}, {'start': 21.6, 'end': 24.9}, {'start': 25.9, 'end': 28.3}, {'start': 30.3, 'end': 31.6}]",4.38,12.719999999999999,6,"[{'start': 0, 'end': 2.3}, {'start': 13.5, 'end': 1.3000000000000007}, {'start': 18.5, 'end': 3.1000000000000014}, {'start': 24.9, 'end': 1.0}, {'start': 28.3, 'end': 2.0}, {'start': 31.6, 'end': 3.019999999999996}]",2.1199999999999997
N-0937-RAT-1-bike.wav,21.3,1,"[{'start': 3.8, 'end': 25.1}]",21.3,5.52,2,"[{'start': 0, 'end': 3.8}, {'start': 25.1, 'end': 1.7199999999999989}]",2.76
N-0913-RAT-1-bike.wav,15.799999999999999,7,"[{'start': 4.0, 'end': 4.7}, {'start': 5.8, 'end': 9.8}, {'start': 12.3, 'end': 16.4}, {'start': 18.2, 'end': 20.2}, {'start': 21.3, 'end': 22.1}, {'start': 25.0, 'end': 27.7}, {'start': 30.9, 'end': 32.4}]",2.257142857142857,16.620000000000005,8,"[{'start': 0, 'end': 4.0}, {'start': 4.7, 'end': 1.0999999999999996}, {'start': 9.8, 'end': 2.5}, {'start': 16.4, 'end': 1.8000000000000007}, {'start': 20.2, 'end': 1.1000000000000014}, {'start': 22.1, 'end': 2.8999999999999986}, {'start': 27.7, 'end': 3.1999999999999993}, {'start': 32.4, 'end': 0.020000000000003126}]",2.0775000000000006
N-0967-RAT-1-robb.wav,38.300000000000004,5,"[{'start': 2.0, 'end': 5.2}, {'start': 6.6, 'end': 12.0}, {'start': 13.1, 'end': 32.2}, {'start': 34.1, 'end': 38.4}, {'start': 39.4, 'end': 45.7}]",7.660000000000001,7.399999999999999,6,"[{'start': 0, 'end': 2.0}, {'start': 5.2, 'end': 1.3999999999999995}, {'start': 12.0, 'end': 1.0999999999999996}, {'start': 32.2, 'end': 1.8999999999999986}, {'start': 38.4, 'end': 1.0}, {'start': 45.7, 'end': 0.0}]",1.2333333333333332
N-0925-RAT-1-robb.wav,21.5,4,"[{'start': 5.2, 'end': 7.0}, {'start': 8.2, 'end': 20.8}, {'start': 22.1, 'end': 26.3}, {'start': 28.3, 'end': 31.2}]",5.375,12.54,5,"[{'start': 0, 'end': 5.2}, {'start': 7.0, 'end': 1.1999999999999993}, {'start': 20.8, 'end': 1.3000000000000007}, {'start': 26.3, 'end': 2.0}, {'start': 31.2, 'end': 2.84}]",2.508
N-0919-RAT-1-bike.wav,30.899999999999995,3,"[{'start': 1.4, 'end': 20.0}, {'start': 21.1, 'end': 31.8}, {'start': 33.2, 'end': 34.8}]",10.299999999999999,3.900000000000002,4,"[{'start': 0, 'end': 1.4}, {'start': 20.0, 'end': 1.1000000000000014}, {'start': 31.8, 'end': 1.4000000000000021}, {'start': 34.8, 'end': 0.0}]",0.9750000000000005
N-0996-RAT-1-bike.wav,81.60000000000001,9,"[{'start': 3.8, 'end': 7.3}, {'start': 8.9, 'end': 12.2}, {'start': 13.5, 'end': 18.3}, {'start': 19.5, 'end': 26.4}, {'start': 29.7, 'end': 32.7}, {'start': 34.2, 'end': 57.6}, {'start': 59.3, 'end': 63.8}, {'start': 64.8, 'end': 83.9}, {'start': 86.5, 'end': 99.6}]",9.066666666666668,19.059999999999988,10,"[{'start': 0, 'end': 3.8}, {'start': 7.3, 'end': 1.6000000000000005}, {'start': 12.2, 'end': 1.3000000000000007}, {'start': 18.3, 'end': 1.1999999999999993}, {'start': 26.4, 'end': 3.3000000000000007}, {'start': 32.7, 'end': 1.5}, {'start': 57.6, 'end': 1.6999999999999957}, {'start': 63.8, 'end': 1.0}, {'start': 83.9, 'end': 2.5999999999999943}, {'start': 99.6, 'end': 1.0600000000000023}]",1.9059999999999988
N-0936-RAT-1-bike.wav,15.599999999999998,3,"[{'start': 8.4, 'end': 15.6}, {'start': 20.3, 'end': 25.1}, {'start': 27.8, 'end': 31.4}]",5.199999999999999,19.420000000000005,4,"[{'start': 0, 'end': 8.4}, {'start': 15.6, 'end': 4.700000000000001}, {'start': 25.1, 'end': 2.6999999999999993}, {'start': 31.4, 'end': 3.6200000000000045}]",4.855000000000001
N-0988-RAT-1-bike.wav,53.980000000000004,4,"[{'start': 1.3, 'end': 7.5}, {'start': 8.9, 'end': 13.2}, {'start': 14.3, 'end': 34.8}, {'start': 35.9, 'end': 58.88}]",13.495000000000001,4.899999999999999,5,"[{'start': 0, 'end': 1.3}, {'start': 7.5, 'end': 1.4000000000000004}, {'start': 13.2, 'end': 1.1000000000000014}, {'start': 34.8, 'end': 1.1000000000000014}, {'start': 58.88, 'end': 0.0}]",0.9799999999999998
N-1020-RAT-1-bike.wav,49.400000000000006,5,"[{'start': 2.9, 'end': 5.6}, {'start': 13.6, 'end': 18.6}, {'start': 19.8, 'end': 21.9}, {'start': 23.2, 'end': 45.2}, {'start': 47.6, 'end': 65.2}]",9.88,17.36,6,"[{'start': 0, 'end': 2.9}, {'start': 5.6, 'end': 8.0}, {'start': 18.6, 'end': 1.1999999999999993}, {'start': 21.9, 'end': 1.3000000000000007}, {'start': 45.2, 'end': 2.3999999999999986}, {'start': 65.2, 'end': 1.5600000000000023}]",2.893333333333333
N-0919-RAT-1-robb.wav,32.8,2,"[{'start': 1.4, 'end': 31.2}, {'start': 32.8, 'end': 35.8}]",16.4,4.1200000000000045,3,"[{'start': 0, 'end': 1.4}, {'start': 31.2, 'end': 1.5999999999999979}, {'start': 35.8, 'end': 1.1200000000000045}]",1.3733333333333348
N-0917-RAT-1-bike.wav,31.659999999999997,3,"[{'start': 1.1, 'end': 19.9}, {'start': 21.1, 'end': 32.5}, {'start': 33.6, 'end': 35.06}]",10.553333333333333,3.4000000000000057,4,"[{'start': 0, 'end': 1.1}, {'start': 19.9, 'end': 1.2000000000000028}, {'start': 32.5, 'end': 1.1000000000000014}, {'start': 35.06, 'end': 0.0}]",0.8500000000000014
N-1022-RAT-1-robb.wav,38.9,2,"[{'start': 0.9, 'end': 29.2}, {'start': 30.3, 'end': 40.9}]",19.45,2.020000000000003,3,"[{'start': 0, 'end': 0.9}, {'start': 29.2, 'end': 1.1000000000000014}, {'start': 40.9, 'end': 0.020000000000003126}]",0.6733333333333343
N-0996-RAT-1-robb.wav,79.5,5,"[{'start': 2.3, 'end': 13.7}, {'start': 14.8, 'end': 26.9}, {'start': 28.9, 'end': 30.0}, {'start': 31.8, 'end': 67.4}, {'start': 69.0, 'end': 88.3}]",15.9,8.840000000000003,6,"[{'start': 0, 'end': 2.3}, {'start': 13.7, 'end': 1.1000000000000014}, {'start': 26.9, 'end': 2.0}, {'start': 30.0, 'end': 1.8000000000000007}, {'start': 67.4, 'end': 1.5999999999999943}, {'start': 88.3, 'end': 0.04000000000000625}]",1.4733333333333338
N-0926-RAT-1-robb.wav,9.159999999999998,7,"[{'start': 1.6, 'end': 2.4}, {'start': 3.9, 'end': 4.9}, {'start': 6.8, 'end': 9.7}, {'start': 11.2, 'end': 12.6}, {'start': 14.9, 'end': 15.9}, {'start': 20.1, 'end': 20.8}, {'start': 23.3, 'end': 24.66}]",1.3085714285714283,15.500000000000002,8,"[{'start': 0, 'end': 1.6}, {'start': 2.4, 'end': 1.5}, {'start': 4.9, 'end': 1.8999999999999995}, {'start': 9.7, 'end': 1.5}, {'start': 12.6, 'end': 2.3000000000000007}, {'start': 15.9, 'end': 4.200000000000001}, {'start': 20.8, 'end': 2.5}, {'start': 24.66, 'end': 0.0}]",1.9375000000000002
N-0960-RAT-1-robb.wav,48.400000000000006,5,"[{'start': 4.9, 'end': 14.6}, {'start': 16.0, 'end': 28.0}, {'start': 29.0, 'end': 38.7}, {'start': 39.8, 'end': 43.8}, {'start': 47.0, 'end': 60.0}]",9.680000000000001,11.599999999999994,6,"[{'start': 0, 'end': 4.9}, {'start': 14.6, 'end': 1.4000000000000004}, {'start': 28.0, 'end': 1.0}, {'start': 38.7, 'end': 1.0999999999999943}, {'start': 43.8, 'end': 3.200000000000003}, {'start': 60.0, 'end': 0.0}]",1.9333333333333325
N-0989-RAT-1-bike.wav,49.900000000000006,6,"[{'start': 2.0, 'end': 3.6}, {'start': 4.8, 'end': 8.6}, {'start': 10.3, 'end': 11.6}, {'start': 15.3, 'end': 29.1}, {'start': 30.5, 'end': 47.7}, {'start': 49.0, 'end': 61.2}]",8.316666666666668,15.019999999999996,7,"[{'start': 0, 'end': 2.0}, {'start': 3.6, 'end': 1.1999999999999997}, {'start': 8.6, 'end': 1.700000000000001}, {'start': 11.6, 'end': 3.700000000000001}, {'start': 29.1, 'end': 1.3999999999999986}, {'start': 47.7, 'end': 1.2999999999999972}, {'start': 61.2, 'end': 3.719999999999999}]",2.145714285714285
N-1003-RAT-1-robb.wav,41.6,6,"[{'start': 2.0, 'end': 4.6}, {'start': 6.5, 'end': 9.2}, {'start': 10.3, 'end': 14.5}, {'start': 18.2, 'end': 23.8}, {'start': 24.8, 'end': 33.6}, {'start': 35.4, 'end': 53.1}]",6.933333333333334,11.519999999999996,7,"[{'start': 0, 'end': 2.0}, {'start': 4.6, 'end': 1.9000000000000004}, {'start': 9.2, 'end': 1.1000000000000014}, {'start': 14.5, 'end': 3.6999999999999993}, {'start': 23.8, 'end': 1.0}, {'start': 33.6, 'end': 1.7999999999999972}, {'start': 53.1, 'end': 0.01999999999999602}]",1.6457142857142852
N-1000-RAT-1-bike.wav,60.50000000000001,8,"[{'start': 1.4, 'end': 9.0}, {'start': 14.3, 'end': 17.8}, {'start': 20.2, 'end': 21.3}, {'start': 22.7, 'end': 28.2}, {'start': 29.7, 'end': 41.6}, {'start': 42.8, 'end': 60.4}, {'start': 63.6, 'end': 68.0}, {'start': 69.1, 'end': 78.0}]",7.562500000000001,18.779999999999994,9,"[{'start': 0, 'end': 1.4}, {'start': 9.0, 'end': 5.300000000000001}, {'start': 17.8, 'end': 2.3999999999999986}, {'start': 21.3, 'end': 1.3999999999999986}, {'start': 28.2, 'end': 1.5}, {'start': 41.6, 'end': 1.1999999999999957}, {'start': 60.4, 'end': 3.200000000000003}, {'start': 68.0, 'end': 1.0999999999999943}, {'start': 78.0, 'end': 1.2800000000000011}]",2.086666666666666
N-0908-RAT-1-robb.wav,27.699999999999996,3,"[{'start': 2.0, 'end': 5.4}, {'start': 8.2, 'end': 11.5}, {'start': 12.8, 'end': 33.8}]",9.233333333333333,7.480000000000004,4,"[{'start': 0, 'end': 2.0}, {'start': 5.4, 'end': 2.799999999999999}, {'start': 11.5, 'end': 1.3000000000000007}, {'start': 33.8, 'end': 1.3800000000000026}]",1.870000000000001
N-1022-RAT-1-bike.wav,30.4,1,"[{'start': 1.9, 'end': 32.3}]",30.4,3.3999999999999986,2,"[{'start': 0, 'end': 1.9}, {'start': 32.3, 'end': 1.5}]",1.6999999999999993
N-1007-RAT-1-robb.wav,35.599999999999994,5,"[{'start': 1.4, 'end': 20.3}, {'start': 21.6, 'end': 22.7}, {'start': 24.7, 'end': 25.8}, {'start': 27.5, 'end': 33.3}, {'start': 36.6, 'end': 45.3}]",7.119999999999999,9.740000000000009,6,"[{'start': 0, 'end': 1.4}, {'start': 20.3, 'end': 1.3000000000000007}, {'start': 22.7, 'end': 2.0}, {'start': 25.8, 'end': 1.6999999999999993}, {'start': 33.3, 'end': 3.3000000000000043}, {'start': 45.3, 'end': 0.04000000000000625}]",1.6233333333333348
N-0922-RAT-1-robb.wav,27.5,6,"[{'start': 1.3, 'end': 3.8}, {'start': 5.4, 'end': 20.3}, {'start': 21.4, 'end': 28.5}, {'start': 29.9, 'end': 30.6}, {'start': 32.3, 'end': 33.3}, {'start': 35.1, 'end': 36.4}]",4.583333333333333,18.42,7,"[{'start': 0, 'end': 1.3}, {'start': 3.8, 'end': 1.6000000000000005}, {'start': 20.3, 'end': 1.0999999999999979}, {'start': 28.5, 'end': 1.3999999999999986}, {'start': 30.6, 'end': 1.6999999999999957}, {'start': 33.3, 'end': 1.8000000000000043}, {'start': 36.4, 'end': 9.520000000000003}]",2.6314285714285717
N-0931-RAT-1-robb.wav,12.600000000000001,1,"[{'start': 4.0, 'end': 16.6}]",12.600000000000001,5.059999999999999,2,"[{'start': 0, 'end': 4.0}, {'start': 16.6, 'end': 1.0599999999999987}]",2.5299999999999994
N-1027-RAT-1-robb.wav,29.460000000000004,6,"[{'start': 0.8, 'end': 10.3}, {'start': 11.7, 'end': 14.0}, {'start': 15.5, 'end': 17.0}, {'start': 18.4, 'end': 21.1}, {'start': 23.0, 'end': 25.8}, {'start': 27.3, 'end': 37.96}]",4.910000000000001,8.499999999999996,7,"[{'start': 0, 'end': 0.8}, {'start': 10.3, 'end': 1.3999999999999986}, {'start': 14.0, 'end': 1.5}, {'start': 17.0, 'end': 1.3999999999999986}, {'start': 21.1, 'end': 1.8999999999999986}, {'start': 25.8, 'end': 1.5}, {'start': 37.96, 'end': 0.0}]",1.2142857142857137
N-0964-RAT-1-bike.wav,54.38,1,"[{'start': 0.5, 'end': 54.88}]",54.38,0.5,2,"[{'start': 0, 'end': 0.5}, {'start': 54.88, 'end': 0.0}]",0.25
N-1013-RAT-1-robb.wav,25.5,3,"[{'start': 0.7, 'end': 7.4}, {'start': 8.5, 'end': 9.1}, {'start': 10.3, 'end': 28.5}]",8.5,3.039999999999999,4,"[{'start': 0, 'end': 0.7}, {'start': 7.4, 'end': 1.0999999999999996}, {'start': 9.1, 'end': 1.200000000000001}, {'start': 28.5, 'end': 0.03999999999999915}]",0.7599999999999998
N-1027-RAT-1-bike.wav,39.8,5,"[{'start': 1.2, 'end': 10.0}, {'start': 11.1, 'end': 15.5}, {'start': 16.5, 'end': 17.1}, {'start': 20.8, 'end': 28.1}, {'start': 31.2, 'end': 49.9}]",7.959999999999999,10.100000000000001,6,"[{'start': 0, 'end': 1.2}, {'start': 10.0, 'end': 1.0999999999999996}, {'start': 15.5, 'end': 1.0}, {'start': 17.1, 'end': 3.6999999999999993}, {'start': 28.1, 'end': 3.099999999999998}, {'start': 49.9, 'end': 0.0}]",1.6833333333333336
N-0990-RAT-1-robb.wav,41.6,5,"[{'start': 4.9, 'end': 8.1}, {'start': 11.8, 'end': 12.4}, {'start': 13.4, 'end': 19.1}, {'start': 20.7, 'end': 27.3}, {'start': 29.0, 'end': 54.5}]",8.32,13.920000000000002,6,"[{'start': 0, 'end': 4.9}, {'start': 8.1, 'end': 3.700000000000001}, {'start': 12.4, 'end': 1.0}, {'start': 19.1, 'end': 1.5999999999999979}, {'start': 27.3, 'end': 1.6999999999999993}, {'start': 54.5, 'end': 1.0200000000000031}]",2.3200000000000003
N-1015-RAT-1-bike.wav,20.4,5,"[{'start': 4.1, 'end': 13.0}, {'start': 14.4, 'end': 15.3}, {'start': 16.5, 'end': 20.5}, {'start': 24.1, 'end': 29.2}, {'start': 30.3, 'end': 31.8}]",4.08,13.120000000000005,6,"[{'start': 0, 'end': 4.1}, {'start': 13.0, 'end': 1.4000000000000004}, {'start': 15.3, 'end': 1.1999999999999993}, {'start': 20.5, 'end': 3.6000000000000014}, {'start': 29.2, 'end': 1.1000000000000014}, {'start': 31.8, 'end': 1.7200000000000024}]",2.1866666666666674
N-1016-RAT-1-bike.wav,18.299999999999997,2,"[{'start': 1.2, 'end': 12.7}, {'start': 14.1, 'end': 20.9}]",9.149999999999999,3.740000000000002,3,"[{'start': 0, 'end': 1.2}, {'start': 12.7, 'end': 1.4000000000000004}, {'start': 20.9, 'end': 1.1400000000000006}]",1.2466666666666673
N-1023-RAT-1-robb.wav,30.200000000000003,1,"[{'start': 0.4, 'end': 30.6}]",30.200000000000003,0.3999999999999986,2,"[{'start': 0, 'end': 0.4}, {'start': 30.6, 'end': 0.0}]",0.1999999999999993
N-0914-RAT-1-bike.wav,13.9,2,"[{'start': 1.1, 'end': 7.0}, {'start': 8.5, 'end': 16.5}]",6.95,4.9399999999999995,3,"[{'start': 0, 'end': 1.1}, {'start': 7.0, 'end': 1.5}, {'start': 16.5, 'end': 2.34}]",1.6466666666666665
N-0911-RAT-1-bike.wav,58.19999999999999,5,"[{'start': 1.5, 'end': 36.8}, {'start': 38.6, 'end': 40.4}, {'start': 41.6, 'end': 46.7}, {'start': 47.7, 'end': 62.9}, {'start': 64.3, 'end': 65.1}]",11.639999999999997,6.940000000000012,6,"[{'start': 0, 'end': 1.5}, {'start': 36.8, 'end': 1.8000000000000043}, {'start': 40.4, 'end': 1.2000000000000028}, {'start': 46.7, 'end': 1.0}, {'start': 62.9, 'end': 1.3999999999999986}, {'start': 65.1, 'end': 0.04000000000000625}]",1.1566666666666687
N-0903-RAT-1-robb.wav,10.5,2,"[{'start': 2.3, 'end': 4.3}, {'start': 5.9, 'end': 14.4}]",5.25,8.48,3,"[{'start': 0, 'end': 2.3}, {'start': 4.3, 'end': 1.6000000000000005}, {'start': 14.4, 'end': 4.58}]",2.8266666666666667
N-1014-RAT-1-robb.wav,31.699999999999996,3,"[{'start': 0.3, 'end': 16.4}, {'start': 18.1, 'end': 21.2}, {'start': 22.9, 'end': 35.4}]",10.566666666666665,4.760000000000005,4,"[{'start': 0, 'end': 0.3}, {'start': 16.4, 'end': 1.7000000000000028}, {'start': 21.2, 'end': 1.6999999999999993}, {'start': 35.4, 'end': 1.0600000000000023}]",1.1900000000000013
N-0965-RAT-1-bike.wav,24.259999999999998,1,"[{'start': 1.6, 'end': 25.86}]",24.259999999999998,1.6000000000000014,2,"[{'start': 0, 'end': 1.6}, {'start': 25.86, 'end': 0.0}]",0.8000000000000007
N-0967-RAT-1-bike.wav,35.48,4,"[{'start': 2.1, 'end': 7.9}, {'start': 9.3, 'end': 24.4}, {'start': 25.7, 'end': 28.4}, {'start': 29.7, 'end': 41.58}]",8.87,6.100000000000001,5,"[{'start': 0, 'end': 2.1}, {'start': 7.9, 'end': 1.4000000000000004}, {'start': 24.4, 'end': 1.3000000000000007}, {'start': 28.4, 'end': 1.3000000000000007}, {'start': 41.58, 'end': 0.0}]",1.2200000000000002
N-0910-RAT-1-robb.wav,17.66,4,"[{'start': 2.3, 'end': 6.0}, {'start': 7.7, 'end': 10.2}, {'start': 11.5, 'end': 13.0}, {'start': 16.8, 'end': 26.76}]",4.415,9.100000000000001,5,"[{'start': 0, 'end': 2.3}, {'start': 6.0, 'end': 1.7000000000000002}, {'start': 10.2, 'end': 1.3000000000000007}, {'start': 13.0, 'end': 3.8000000000000007}, {'start': 26.76, 'end': 0.0}]",1.8200000000000003
N-1011-RAT-1-bike.wav,24.200000000000003,4,"[{'start': 3.1, 'end': 6.3}, {'start': 7.6, 'end': 19.7}, {'start': 22.4, 'end': 30.2}, {'start': 31.9, 'end': 33.0}]",6.050000000000001,8.82,5,"[{'start': 0, 'end': 3.1}, {'start': 6.3, 'end': 1.2999999999999998}, {'start': 19.7, 'end': 2.6999999999999993}, {'start': 30.2, 'end': 1.6999999999999993}, {'start': 33.0, 'end': 0.020000000000003126}]",1.764
N-0985-RAT-1-bike.wav,23.700000000000003,3,"[{'start': 2.0, 'end': 20.3}, {'start': 21.4, 'end': 24.3}, {'start': 25.3, 'end': 27.8}]",7.900000000000001,5.859999999999996,4,"[{'start': 0, 'end': 2.0}, {'start': 20.3, 'end': 1.0999999999999979}, {'start': 24.3, 'end': 1.0}, {'start': 27.8, 'end': 1.759999999999998}]",1.464999999999999
N-0916-RAT-1-robb.wav,25.599999999999998,3,"[{'start': 0.5, 'end': 24.6}, {'start': 25.6, 'end': 26.4}, {'start': 27.5, 'end': 28.2}]",8.533333333333333,2.6000000000000014,4,"[{'start': 0, 'end': 0.5}, {'start': 24.6, 'end': 1.0}, {'start': 26.4, 'end': 1.1000000000000014}, {'start': 28.2, 'end': 0.0}]",0.6500000000000004
N-0999-RAT-1-bike.wav,21.880000000000003,4,"[{'start': 1.5, 'end': 11.0}, {'start': 12.4, 'end': 21.9}, {'start': 23.2, 'end': 24.5}, {'start': 26.4, 'end': 27.98}]",5.470000000000001,6.099999999999998,5,"[{'start': 0, 'end': 1.5}, {'start': 11.0, 'end': 1.4000000000000004}, {'start': 21.9, 'end': 1.3000000000000007}, {'start': 24.5, 'end': 1.8999999999999986}, {'start': 27.98, 'end': 0.0}]",1.2199999999999995
N-0943-RAT-1-bike.wav,29.099999999999998,3,"[{'start': 2.0, 'end': 25.2}, {'start': 26.9, 'end': 29.8}, {'start': 30.8, 'end': 33.8}]",9.7,6.48,4,"[{'start': 0, 'end': 2.0}, {'start': 25.2, 'end': 1.6999999999999993}, {'start': 29.8, 'end': 1.0}, {'start': 33.8, 'end': 1.7800000000000011}]",1.62
N-0918-RAT-1-robb.wav,19.999999999999996,3,"[{'start': 3.4, 'end': 11.6}, {'start': 13.3, 'end': 16.0}, {'start': 17.3, 'end': 26.4}]",6.666666666666665,7.5000000000000036,4,"[{'start': 0, 'end': 3.4}, {'start': 11.6, 'end': 1.700000000000001}, {'start': 16.0, 'end': 1.3000000000000007}, {'start': 26.4, 'end': 1.1000000000000014}]",1.8750000000000009
N-1001-RAT-1-robb.wav,50.9,3,"[{'start': 2.0, 'end': 5.3}, {'start': 6.4, 'end': 35.5}, {'start': 37.3, 'end': 55.8}]",16.966666666666665,4.940000000000005,4,"[{'start': 0, 'end': 2.0}, {'start': 5.3, 'end': 1.1000000000000005}, {'start': 35.5, 'end': 1.7999999999999972}, {'start': 55.8, 'end': 0.04000000000000625}]",1.2350000000000012
N-1008-RAT-1-robb.wav,78.66,1,"[{'start': 1.7, 'end': 80.36}]",78.66,1.7000000000000028,2,"[{'start': 0, 'end': 1.7}, {'start': 80.36, 'end': 0.0}]",0.8500000000000014
N-0924-RAT-1-bike.wav,24.900000000000006,4,"[{'start': 4.5, 'end': 8.3}, {'start': 10.1, 'end': 28.7}, {'start': 29.9, 'end': 31.3}, {'start': 32.4, 'end': 33.5}]",6.225000000000001,15.139999999999993,5,"[{'start': 0, 'end': 4.5}, {'start': 8.3, 'end': 1.799999999999999}, {'start': 28.7, 'end': 1.1999999999999993}, {'start': 31.3, 'end': 1.0999999999999979}, {'start': 33.5, 'end': 6.539999999999999}]",3.0279999999999987
N-0985-RAT-1-robb.wav,25.2,1,"[{'start': 1.3, 'end': 26.5}]",25.2,2.9200000000000017,2,"[{'start': 0, 'end': 1.3}, {'start': 26.5, 'end': 1.620000000000001}]",1.4600000000000009
N-1025-RAT-1-bike.wav,24.060000000000002,2,"[{'start': 1.1, 'end': 13.0}, {'start': 16.5, 'end': 28.66}]",12.030000000000001,4.599999999999998,3,"[{'start': 0, 'end': 1.1}, {'start': 13.0, 'end': 3.5}, {'start': 28.66, 'end': 0.0}]",1.5333333333333325
N-0902-RAT-1-robb.wav,20.700000000000003,3,"[{'start': 2.1, 'end': 12.8}, {'start': 14.6, 'end': 23.0}, {'start': 24.5, 'end': 26.1}]",6.900000000000001,8.399999999999999,4,"[{'start': 0, 'end': 2.1}, {'start': 12.8, 'end': 1.799999999999999}, {'start': 23.0, 'end': 1.5}, {'start': 26.1, 'end': 3.0}]",2.0999999999999996
N-0918-RAT-1-bike.wav,23.299999999999997,4,"[{'start': 5.5, 'end': 9.3}, {'start': 10.4, 'end': 20.7}, {'start': 22.6, 'end': 25.9}, {'start': 30.4, 'end': 36.3}]",5.824999999999999,16.880000000000003,5,"[{'start': 0, 'end': 5.5}, {'start': 9.3, 'end': 1.0999999999999996}, {'start': 20.7, 'end': 1.9000000000000021}, {'start': 25.9, 'end': 4.5}, {'start': 36.3, 'end': 3.8800000000000026}]",3.3760000000000003
N-1021-RAT-1-robb.wav,20.599999999999998,5,"[{'start': 1.9, 'end': 4.0}, {'start': 5.6, 'end': 8.9}, {'start': 10.2, 'end': 12.6}, {'start': 14.3, 'end': 16.0}, {'start': 17.1, 'end': 28.2}]",4.119999999999999,9.060000000000002,6,"[{'start': 0, 'end': 1.9}, {'start': 4.0, 'end': 1.5999999999999996}, {'start': 8.9, 'end': 1.299999999999999}, {'start': 12.6, 'end': 1.700000000000001}, {'start': 16.0, 'end': 1.1000000000000014}, {'start': 28.2, 'end': 1.4600000000000009}]",1.5100000000000005
N-0942-RAT-1-robb.wav,10.9,2,"[{'start': 3.1, 'end': 9.9}, {'start': 11.0, 'end': 15.1}]",5.45,4.199999999999999,3,"[{'start': 0, 'end': 3.1}, {'start': 9.9, 'end': 1.0999999999999996}, {'start': 15.1, 'end': 0.0}]",1.3999999999999997
N-0923-RAT-1-robb.wav,11.899999999999997,5,"[{'start': 2.1, 'end': 5.6}, {'start': 7.0, 'end': 7.8}, {'start': 8.9, 'end': 12.4}, {'start': 13.6, 'end': 15.6}, {'start': 18.3, 'end': 20.4}]",2.3799999999999994,8.520000000000005,6,"[{'start': 0, 'end': 2.1}, {'start': 5.6, 'end': 1.4000000000000004}, {'start': 7.8, 'end': 1.1000000000000005}, {'start': 12.4, 'end': 1.1999999999999993}, {'start': 15.6, 'end': 2.700000000000001}, {'start': 20.4, 'end': 0.020000000000003126}]",1.4200000000000008
N-0914-RAT-1-robb.wav,10.799999999999997,3,"[{'start': 2.9, 'end': 8.2}, {'start': 9.9, 'end': 14.8}, {'start': 18.8, 'end': 19.4}]",3.599999999999999,11.100000000000001,4,"[{'start': 0, 'end': 2.9}, {'start': 8.2, 'end': 1.700000000000001}, {'start': 14.8, 'end': 4.0}, {'start': 19.4, 'end': 2.5}]",2.7750000000000004
N-0995-RAT-1-robb.wav,41.1,2,"[{'start': 1.4, 'end': 9.0}, {'start': 13.6, 'end': 47.1}]",20.55,7.119999999999997,3,"[{'start': 0, 'end': 1.4}, {'start': 9.0, 'end': 4.6}, {'start': 47.1, 'end': 1.1199999999999974}]",2.3733333333333326
N-0989-RAT-1-robb.wav,43.9,5,"[{'start': 1.7, 'end': 3.1}, {'start': 4.5, 'end': 12.3}, {'start': 14.1, 'end': 32.3}, {'start': 35.8, 'end': 49.1}, {'start': 50.2, 'end': 53.4}]",8.78,10.82,6,"[{'start': 0, 'end': 1.7}, {'start': 3.1, 'end': 1.4}, {'start': 12.3, 'end': 1.799999999999999}, {'start': 32.3, 'end': 3.5}, {'start': 49.1, 'end': 1.1000000000000014}, {'start': 53.4, 'end': 1.3200000000000003}]",1.8033333333333335
N-0905-RAT-1-bike.wav,21.599999999999998,1,"[{'start': 1.1, 'end': 22.7}]",21.599999999999998,2.7200000000000024,2,"[{'start': 0, 'end': 1.1}, {'start': 22.7, 'end': 1.620000000000001}]",1.3600000000000012
N-0994-RAT-1-bike.wav,29.16,5,"[{'start': 3.2, 'end': 6.3}, {'start': 7.3, 'end': 11.5}, {'start': 13.1, 'end': 30.7}, {'start': 33.5, 'end': 35.8}, {'start': 40.3, 'end': 42.26}]",5.832,13.099999999999998,6,"[{'start': 0, 'end': 3.2}, {'start': 6.3, 'end': 1.0}, {'start': 11.5, 'end': 1.5999999999999996}, {'start': 30.7, 'end': 2.8000000000000007}, {'start': 35.8, 'end': 4.5}, {'start': 42.26, 'end': 0.0}]",2.183333333333333
N-0921-RAT-1-bike.wav,66.30000000000001,16,"[{'start': 1.2, 'end': 4.7}, {'start': 6.5, 'end': 10.6}, {'start': 11.7, 'end': 15.4}, {'start': 17.6, 'end': 20.5}, {'start': 23.1, 'end': 23.8}, {'start': 25.6, 'end': 32.2}, {'start': 34.7, 'end': 35.9}, {'start': 44.4, 'end': 45.2}, {'start': 46.2, 'end': 48.2}, {'start': 51.0, 'end': 70.2}, {'start': 74.0, 'end': 78.7}, {'start': 80.2, 'end': 83.5}, {'start': 85.1, 'end': 91.2}, {'start': 94.4, 'end': 97.6}, {'start': 98.8, 'end': 101.5}, {'start': 102.8, 'end': 104.4}]",4.143750000000001,42.099999999999994,17,"[{'start': 0, 'end': 1.2}, {'start': 4.7, 'end': 1.7999999999999998}, {'start': 10.6, 'end': 1.0999999999999996}, {'start': 15.4, 'end': 2.200000000000001}, {'start': 20.5, 'end': 2.6000000000000014}, {'start': 23.8, 'end': 1.8000000000000007}, {'start': 32.2, 'end': 2.5}, {'start': 35.9, 'end': 8.5}, {'start': 45.2, 'end': 1.0}, {'start': 48.2, 'end': 2.799999999999997}, {'start': 70.2, 'end': 3.799999999999997}, {'start': 78.7, 'end': 1.5}, {'start': 83.5, 'end': 1.5999999999999943}, {'start': 91.2, 'end': 3.200000000000003}, {'start': 97.6, 'end': 1.2000000000000028}, {'start': 101.5, 'end': 1.2999999999999972}, {'start': 104.4, 'end': 4.0}]",2.4764705882352938
N-0934-RAT-1-robb.wav,28.800000000000004,2,"[{'start': 1.9, 'end': 19.6}, {'start': 20.9, 'end': 32.0}]",14.400000000000002,5.299999999999997,3,"[{'start': 0, 'end': 1.9}, {'start': 19.6, 'end': 1.2999999999999972}, {'start': 32.0, 'end': 2.1000000000000014}]",1.7666666666666657
N-1019-RAT-1-bike.wav,12.700000000000001,1,"[{'start': 1.7, 'end': 14.4}]",12.700000000000001,1.6999999999999993,2,"[{'start': 0, 'end': 1.7}, {'start': 14.4, 'end': 0.0}]",0.8499999999999996
N-0904-RAT-1-bike.wav,19.0,1,"[{'start': 1.7, 'end': 20.7}]",19.0,4.399999999999999,2,"[{'start': 0, 'end': 1.7}, {'start': 20.7, 'end': 2.6999999999999993}]",2.1999999999999993
N-1002-RAT-1-bike.wav,59.0,3,"[{'start': 1.6, 'end': 46.5}, {'start': 48.0, 'end': 51.5}, {'start': 52.6, 'end': 63.2}]",19.666666666666668,5.640000000000001,4,"[{'start': 0, 'end': 1.6}, {'start': 46.5, 'end': 1.5}, {'start': 51.5, 'end': 1.1000000000000014}, {'start': 63.2, 'end': 1.4399999999999977}]",1.4100000000000001
N-0966-RAT-1-bike.wav,46.5,2,"[{'start': 1.9, 'end': 7.6}, {'start': 9.5, 'end': 50.3}]",23.25,6.479999999999997,3,"[{'start': 0, 'end': 1.9}, {'start': 7.6, 'end': 1.9000000000000004}, {'start': 50.3, 'end': 2.6799999999999997}]",2.159999999999999
N-1026-RAT-1-bike.wav,42.9,2,"[{'start': 2.6, 'end': 16.7}, {'start': 18.1, 'end': 46.9}]",21.45,4.039999999999999,3,"[{'start': 0, 'end': 2.6}, {'start': 16.7, 'end': 1.4000000000000021}, {'start': 46.9, 'end': 0.03999999999999915}]",1.3466666666666665
N-0982-RAT-1-bike.wav,66.20000000000002,5,"[{'start': 3.0, 'end': 13.0}, {'start': 14.3, 'end': 20.8}, {'start': 25.1, 'end': 65.7}, {'start': 67.1, 'end': 71.8}, {'start': 73.1, 'end': 77.5}]",13.240000000000004,11.299999999999983,6,"[{'start': 0, 'end': 3.0}, {'start': 13.0, 'end': 1.3000000000000007}, {'start': 20.8, 'end': 4.300000000000001}, {'start': 65.7, 'end': 1.3999999999999915}, {'start': 71.8, 'end': 1.2999999999999972}, {'start': 77.5, 'end': 0.0}]",1.8833333333333304
N-0924-RAT-1-robb.wav,17.599999999999998,12,"[{'start': 2.0, 'end': 2.7}, {'start': 4.4, 'end': 6.2}, {'start': 7.7, 'end': 10.2}, {'start': 14.2, 'end': 15.4}, {'start': 16.7, 'end': 18.8}, {'start': 20.7, 'end': 23.0}, {'start': 24.9, 'end': 25.6}, {'start': 26.9, 'end': 28.5}, {'start': 31.2, 'end': 32.4}, {'start': 33.5, 'end': 34.3}, {'start': 35.7, 'end': 36.5}, {'start': 38.7, 'end': 40.6}]",1.4666666666666666,24.44,13,"[{'start': 0, 'end': 2.0}, {'start': 2.7, 'end': 1.7000000000000002}, {'start': 6.2, 'end': 1.5}, {'start': 10.2, 'end': 4.0}, {'start': 15.4, 'end': 1.299999999999999}, {'start': 18.8, 'end': 1.8999999999999986}, {'start': 23.0, 'end': 1.8999999999999986}, {'start': 25.6, 'end': 1.2999999999999972}, {'start': 28.5, 'end': 2.6999999999999993}, {'start': 32.4, 'end': 1.1000000000000014}, {'start': 34.3, 'end': 1.4000000000000057}, {'start': 36.5, 'end': 2.200000000000003}, {'start': 40.6, 'end': 1.4399999999999977}]",1.8800000000000001
N-0963-RAT-1-bike.wav,18.799999999999997,4,"[{'start': 2.4, 'end': 8.3}, {'start': 9.5, 'end': 14.1}, {'start': 15.4, 'end': 18.8}, {'start': 20.5, 'end': 25.4}]",4.699999999999999,10.220000000000002,5,"[{'start': 0, 'end': 2.4}, {'start': 8.3, 'end': 1.1999999999999993}, {'start': 14.1, 'end': 1.3000000000000007}, {'start': 18.8, 'end': 1.6999999999999993}, {'start': 25.4, 'end': 3.620000000000001}]",2.0440000000000005
N-0905-RAT-1-robb.wav,24.0,1,"[{'start': 2.8, 'end': 26.8}]",24.0,4.52,2,"[{'start': 0, 'end': 2.8}, {'start': 26.8, 'end': 1.7199999999999989}]",2.26
N-0912-RAT-1-bike.wav,21.100000000000005,9,"[{'start': 5.7, 'end': 6.3}, {'start': 8.0, 'end': 8.6}, {'start': 9.7, 'end': 12.6}, {'start': 15.6, 'end': 17.2}, {'start': 18.2, 'end': 19.4}, {'start': 21.6, 'end': 24.4}, {'start': 26.7, 'end': 32.6}, {'start': 34.8, 'end': 35.6}, {'start': 36.9, 'end': 41.6}]",2.344444444444445,21.659999999999993,10,"[{'start': 0, 'end': 5.7}, {'start': 6.3, 'end': 1.7000000000000002}, {'start': 8.6, 'end': 1.0999999999999996}, {'start': 12.6, 'end': 3.0}, {'start': 17.2, 'end': 1.0}, {'start': 19.4, 'end': 2.200000000000003}, {'start': 24.4, 'end': 2.3000000000000007}, {'start': 32.6, 'end': 2.1999999999999957}, {'start': 35.6, 'end': 1.2999999999999972}, {'start': 41.6, 'end': 1.1599999999999966}]",2.1659999999999995
N-0911-RAT-1-robb.wav,42.3,6,"[{'start': 1.4, 'end': 11.7}, {'start': 13.4, 'end': 20.4}, {'start': 21.4, 'end': 22.3}, {'start': 23.4, 'end': 27.3}, {'start': 28.8, 'end': 37.6}, {'start': 39.1, 'end': 50.5}]",7.05,9.160000000000004,7,"[{'start': 0, 'end': 1.4}, {'start': 11.7, 'end': 1.700000000000001}, {'start': 20.4, 'end': 1.0}, {'start': 22.3, 'end': 1.0999999999999979}, {'start': 27.3, 'end': 1.5}, {'start': 37.6, 'end': 1.5}, {'start': 50.5, 'end': 0.9600000000000009}]",1.3085714285714292
N-0920-RAT-1-bike.wav,15.16,5,"[{'start': 1.7, 'end': 3.6}, {'start': 4.9, 'end': 7.7}, {'start': 10.2, 'end': 16.9}, {'start': 18.1, 'end': 19.3}, {'start': 23.4, 'end': 25.96}]",3.032,10.8,6,"[{'start': 0, 'end': 1.7}, {'start': 3.6, 'end': 1.3000000000000003}, {'start': 7.7, 'end': 2.499999999999999}, {'start': 16.9, 'end': 1.2000000000000028}, {'start': 19.3, 'end': 4.099999999999998}, {'start': 25.96, 'end': 0.0}]",1.8
N-0910-RAT-1-bike.wav,17.400000000000002,7,"[{'start': 2.3, 'end': 4.7}, {'start': 7.1, 'end': 9.1}, {'start': 10.5, 'end': 12.3}, {'start': 16.4, 'end': 21.6}, {'start': 22.8, 'end': 24.1}, {'start': 25.6, 'end': 29.0}, {'start': 30.3, 'end': 31.6}]",2.485714285714286,14.219999999999999,8,"[{'start': 0, 'end': 2.3}, {'start': 4.7, 'end': 2.3999999999999995}, {'start': 9.1, 'end': 1.4000000000000004}, {'start': 12.3, 'end': 4.099999999999998}, {'start': 21.6, 'end': 1.1999999999999993}, {'start': 24.1, 'end': 1.5}, {'start': 29.0, 'end': 1.3000000000000007}, {'start': 31.6, 'end': 0.019999999999999574}]",1.7774999999999999
N-0984-RAT-1-robb.wav,19.880000000000003,3,"[{'start': 1.0, 'end': 2.8}, {'start': 4.4, 'end': 6.8}, {'start': 8.6, 'end': 24.28}]",6.626666666666668,4.399999999999999,4,"[{'start': 0, 'end': 1.0}, {'start': 2.8, 'end': 1.6000000000000005}, {'start': 6.8, 'end': 1.7999999999999998}, {'start': 24.28, 'end': 0.0}]",1.0999999999999996
N-0962-RAT-1-robb.wav,3.099999999999997,4,"[{'start': 2.8, 'end': 4.1}, {'start': 5.8, 'end': 6.3}, {'start': 12.7, 'end': 13.3}, {'start': 37.7, 'end': 38.4}]",0.7749999999999992,41.96000000000001,5,"[{'start': 0, 'end': 2.8}, {'start': 4.1, 'end': 1.7000000000000002}, {'start': 6.3, 'end': 6.3999999999999995}, {'start': 13.3, 'end': 24.400000000000002}, {'start': 38.4, 'end': 6.660000000000004}]",8.392000000000001
N-1026-RAT-1-robb.wav,31.0,1,"[{'start': 0.6, 'end': 31.6}]",31.0,0.6000000000000014,2,"[{'start': 0, 'end': 0.6}, {'start': 31.6, 'end': 0.0}]",0.3000000000000007
N-1005-RAT-1-robb.wav,28.700000000000003,5,"[{'start': 2.0, 'end': 3.1}, {'start': 5.9, 'end': 15.2}, {'start': 16.5, 'end': 31.6}, {'start': 36.1, 'end': 38.5}, {'start': 39.8, 'end': 40.6}]",5.74,11.939999999999998,6,"[{'start': 0, 'end': 2.0}, {'start': 3.1, 'end': 2.8000000000000003}, {'start': 15.2, 'end': 1.3000000000000007}, {'start': 31.6, 'end': 4.5}, {'start': 38.5, 'end': 1.2999999999999972}, {'start': 40.6, 'end': 0.03999999999999915}]",1.9899999999999995
N-0937-RAT-1-robb.wav,14.700000000000001,1,"[{'start': 2.1, 'end': 16.8}]",14.700000000000001,2.119999999999999,2,"[{'start': 0, 'end': 2.1}, {'start': 16.8, 'end': 0.019999999999999574}]",1.0599999999999996
N-0983-RAT-1-robb.wav,20.580000000000002,1,"[{'start': 1.2, 'end': 21.78}]",20.580000000000002,1.1999999999999993,2,"[{'start': 0, 'end': 1.2}, {'start': 21.78, 'end': 0.0}]",0.5999999999999996
N-0938-RAT-1-robb.wav,15.4,1,"[{'start': 1.6, 'end': 17.0}]",15.4,2.799999999999999,2,"[{'start': 0, 'end': 1.6}, {'start': 17.0, 'end': 1.1999999999999993}]",1.3999999999999995
N-0927-RAT-1-bike.wav,15.599999999999998,5,"[{'start': 4.2, 'end': 5.7}, {'start': 7.2, 'end': 9.2}, {'start': 11.7, 'end': 13.0}, {'start': 14.3, 'end': 19.2}, {'start': 20.6, 'end': 26.5}]",3.1199999999999997,15.120000000000001,6,"[{'start': 0, 'end': 4.2}, {'start': 5.7, 'end': 1.5}, {'start': 9.2, 'end': 2.5}, {'start': 13.0, 'end': 1.3000000000000007}, {'start': 19.2, 'end': 1.4000000000000021}, {'start': 26.5, 'end': 4.219999999999999}]",2.52
N-0913-RAT-1-robb.wav,37.8,7,"[{'start': 4.4, 'end': 19.0}, {'start': 20.7, 'end': 22.8}, {'start': 25.9, 'end': 27.4}, {'start': 29.3, 'end': 43.0}, {'start': 45.0, 'end': 47.1}, {'start': 48.2, 'end': 51.3}, {'start': 52.5, 'end': 53.2}]",5.3999999999999995,17.760000000000005,8,"[{'start': 0, 'end': 4.4}, {'start': 19.0, 'end': 1.6999999999999993}, {'start': 22.8, 'end': 3.099999999999998}, {'start': 27.4, 'end': 1.9000000000000021}, {'start': 43.0, 'end': 2.0}, {'start': 47.1, 'end': 1.1000000000000014}, {'start': 51.3, 'end': 1.2000000000000028}, {'start': 53.2, 'end': 2.3599999999999994}]",2.2200000000000006
N-0998-RAT-1-robb.wav,16.700000000000003,3,"[{'start': 4.7, 'end': 7.0}, {'start': 9.2, 'end': 15.8}, {'start': 16.9, 'end': 24.7}]",5.566666666666667,8.039999999999996,4,"[{'start': 0, 'end': 4.7}, {'start': 7.0, 'end': 2.1999999999999993}, {'start': 15.8, 'end': 1.0999999999999979}, {'start': 24.7, 'end': 0.03999999999999915}]",2.009999999999999
N-0920-RAT-1-robb.wav,14.0,4,"[{'start': 3.7, 'end': 5.7}, {'start': 7.2, 'end': 11.4}, {'start': 13.3, 'end': 20.2}, {'start': 21.7, 'end': 22.6}]",3.5,8.64,5,"[{'start': 0, 'end': 3.7}, {'start': 5.7, 'end': 1.5}, {'start': 11.4, 'end': 1.9000000000000004}, {'start': 20.2, 'end': 1.5}, {'start': 22.6, 'end': 0.03999999999999915}]",1.7280000000000002
N-0994-RAT-1-robb.wav,19.8,5,"[{'start': 0.6, 'end': 5.2}, {'start': 6.3, 'end': 7.5}, {'start': 9.1, 'end': 12.7}, {'start': 14.1, 'end': 19.5}, {'start': 21.8, 'end': 26.8}]",3.96,7.039999999999999,6,"[{'start': 0, 'end': 0.6}, {'start': 5.2, 'end': 1.0999999999999996}, {'start': 7.5, 'end': 1.5999999999999996}, {'start': 12.7, 'end': 1.4000000000000004}, {'start': 19.5, 'end': 2.3000000000000007}, {'start': 26.8, 'end': 0.03999999999999915}]",1.1733333333333331
N-1021-RAT-1-bike.wav,27.58000000000001,7,"[{'start': 2.8, 'end': 5.7}, {'start': 7.9, 'end': 13.5}, {'start': 14.6, 'end': 17.9}, {'start': 19.5, 'end': 24.5}, {'start': 31.2, 'end': 35.7}, {'start': 40.8, 'end': 41.5}, {'start': 43.3, 'end': 48.88}]",3.9400000000000013,21.299999999999994,8,"[{'start': 0, 'end': 2.8}, {'start': 5.7, 'end': 2.2}, {'start': 13.5, 'end': 1.0999999999999996}, {'start': 17.9, 'end': 1.6000000000000014}, {'start': 24.5, 'end': 6.699999999999999}, {'start': 35.7, 'end': 5.099999999999994}, {'start': 41.5, 'end': 1.7999999999999972}, {'start': 48.88, 'end': 0.0}]",2.662499999999999
N-0986-RAT-1-bike.wav,13.3,3,"[{'start': 1.5, 'end': 5.6}, {'start': 7.0, 'end': 8.3}, {'start': 9.4, 'end': 17.3}]",4.433333333333334,5.099999999999998,4,"[{'start': 0, 'end': 1.5}, {'start': 5.6, 'end': 1.4000000000000004}, {'start': 8.3, 'end': 1.0999999999999996}, {'start': 17.3, 'end': 1.0999999999999979}]",1.2749999999999995
N-0908-RAT-1-bike.wav,29.000000000000004,6,"[{'start': 3.1, 'end': 7.9}, {'start': 9.0, 'end': 11.1}, {'start': 13.6, 'end': 18.1}, {'start': 19.3, 'end': 21.0}, {'start': 22.5, 'end': 30.3}, {'start': 33.4, 'end': 41.5}]",4.833333333333334,14.239999999999998,7,"[{'start': 0, 'end': 3.1}, {'start': 7.9, 'end': 1.0999999999999996}, {'start': 11.1, 'end': 2.5}, {'start': 18.1, 'end': 1.1999999999999993}, {'start': 21.0, 'end': 1.5}, {'start': 30.3, 'end': 3.099999999999998}, {'start': 41.5, 'end': 1.740000000000002}]",2.0342857142857143
N-0902-RAT-1-bike.wav,25.200000000000003,7,"[{'start': 1.9, 'end': 5.6}, {'start': 7.4, 'end': 9.5}, {'start': 13.3, 'end': 14.4}, {'start': 15.4, 'end': 16.9}, {'start': 19.0, 'end': 27.6}, {'start': 32.0, 'end': 37.2}, {'start': 42.1, 'end': 45.1}]",3.6000000000000005,24.339999999999996,8,"[{'start': 0, 'end': 1.9}, {'start': 5.6, 'end': 1.8000000000000007}, {'start': 9.5, 'end': 3.8000000000000007}, {'start': 14.4, 'end': 1.0}, {'start': 16.9, 'end': 2.1000000000000014}, {'start': 27.6, 'end': 4.399999999999999}, {'start': 37.2, 'end': 4.899999999999999}, {'start': 45.1, 'end': 4.439999999999998}]",3.0424999999999995
N-0992-RAT-1-bike.wav,19.1,9,"[{'start': 1.8, 'end': 6.5}, {'start': 8.6, 'end': 10.9}, {'start': 13.8, 'end': 15.6}, {'start': 18.1, 'end': 21.4}, {'start': 22.9, 'end': 24.3}, {'start': 25.4, 'end': 26.8}, {'start': 28.2, 'end': 28.8}, {'start': 30.0, 'end': 31.2}, {'start': 33.0, 'end': 35.4}]",2.1222222222222222,16.299999999999997,10,"[{'start': 0, 'end': 1.8}, {'start': 6.5, 'end': 2.0999999999999996}, {'start': 10.9, 'end': 2.9000000000000004}, {'start': 15.6, 'end': 2.5000000000000018}, {'start': 21.4, 'end': 1.5}, {'start': 24.3, 'end': 1.0999999999999979}, {'start': 26.8, 'end': 1.3999999999999986}, {'start': 28.8, 'end': 1.1999999999999993}, {'start': 31.2, 'end': 1.8000000000000007}, {'start': 35.4, 'end': 0.0}]",1.6299999999999997
N-0966-RAT-1-robb.wav,24.500000000000004,2,"[{'start': 4.0, 'end': 24.6}, {'start': 28.7, 'end': 32.6}]",12.250000000000002,9.919999999999998,3,"[{'start': 0, 'end': 4.0}, {'start': 24.6, 'end': 4.099999999999998}, {'start': 32.6, 'end': 1.8200000000000003}]",3.306666666666666
N-0938-RAT-1-bike.wav,21.4,3,"[{'start': 5.4, 'end': 18.6}, {'start': 19.7, 'end': 21.1}, {'start': 22.6, 'end': 29.4}]",7.133333333333333,9.120000000000001,4,"[{'start': 0, 'end': 5.4}, {'start': 18.6, 'end': 1.0999999999999979}, {'start': 21.1, 'end': 1.5}, {'start': 29.4, 'end': 1.120000000000001}]",2.2800000000000002
N-0928-RAT-1-bike.wav,27.7,4,"[{'start': 3.5, 'end': 6.2}, {'start': 7.6, 'end': 11.4}, {'start': 12.5, 'end': 25.3}, {'start': 26.6, 'end': 35.0}]",6.925,9.620000000000001,5,"[{'start': 0, 'end': 3.5}, {'start': 6.2, 'end': 1.3999999999999995}, {'start': 11.4, 'end': 1.0999999999999996}, {'start': 25.3, 'end': 1.3000000000000007}, {'start': 35.0, 'end': 2.3200000000000003}]",1.9240000000000002
N-0917-RAT-1-robb.wav,35.3,1,"[{'start': 1.7, 'end': 37.0}]",35.3,1.740000000000002,2,"[{'start': 0, 'end': 1.7}, {'start': 37.0, 'end': 0.03999999999999915}]",0.870000000000001
N-1019-RAT-1-robb.wav,15.200000000000001,1,"[{'start': 0.6, 'end': 15.8}]",15.200000000000001,2.08,2,"[{'start': 0, 'end': 0.6}, {'start': 15.8, 'end': 1.4800000000000004}]",1.04
N-0939-RAT-1-bike.wav,22.1,1,"[{'start': 3.7, 'end': 25.8}]",22.1,3.719999999999999,2,"[{'start': 0, 'end': 3.7}, {'start': 25.8, 'end': 0.019999999999999574}]",1.8599999999999994
N-0943-RAT-1-robb.wav,18.0,1,"[{'start': 3.4, 'end': 21.4}]",18.0,4.5,2,"[{'start': 0, 'end': 3.4}, {'start': 21.4, 'end': 1.1000000000000014}]",2.25
